StartDate,EndDate,Status,Progress,Duration (in seconds),Finished,RecordedDate,ResponseId,RecipientEmail,ExternalReference,DistributionChannel,UserLanguage,Q1,Q83,Q84,Q85,Q87,Q88,Q89,Q90,Q91,Q92,Q93,Q94,Q95,Q96,Q97,Q98,Q99,Q71,Q29,SAME_REPO,Q30,Q31,Q86,Q34,Q102,Q101,Q67,Q68,Q69,Q70,Q71.1,Q72,Q73,Q74,Q75,Q76,Q77,Q78,Q79,Q81,Q82,Q83.1,Q84.1,Q95.1,Q96.1,Q97.1,Q98.1,Q72.1,Q86.1,Q87.1,Q88.1,Q89.1,Q90.1,Q91.1,Q92.1,Q93.1,Q94.1,Q60,Q61_1,Q62,Q63,Q64,Q65_1,Q66,Q67.1,Q71.2,Q68.2
2022-04-03 07:38:44,2022-04-03 07:40:18,1,100,93,1,2022-04-03 07:40:19,R_1DBflgQ9KjrRvgy,9161425458082254202,,preview,EN,,,,,,,,,,,,,,,,,,,,,,,,,,,,,,,,,,,,,,,,,,,,,,,,,,,,,,,,,,,,,,,,,,,9161425458082254202
2022-04-05 02:58:43,2022-04-05 03:06:44,0,100,481,1,2022-04-05 03:06:44,R_2fIMoTGbXSSlMkt,5400220711207664912,https://github.com/JMRI/EngineDriver,email,EN,6.0,11.0,1.0,1.0,3.0,3.0,9.0,6.0,9.0,9.0,1.0,9.0,1.0,6.0,10.0,9.0,9.0,9.0,Enginedriver,1.0,10,2.0,6.0,9.0,9.0,11.0,9.0,1.0,1.0,11.0,9.0,11.0,6.0,11.0,11.0,8.0,11.0,11.0,9.0,6.0,6.0,3.0,6.0,1.0,1.0,9.0,9.0,6.0,5.0,4.0,6.0,5.0,5.0,6.0,4.0,4.0,6.0,Australia ,61.0,Male,2.0,30.0,3.0,Bachelor of Applied Science ,BA 1982,,9161425458082254202
2022-04-05 03:05:22,2022-04-05 03:08:16,0,100,174,1,2022-04-05 03:08:17,R_2WANLSpu70sNbk9,7064573139153724941,Benjamin-Lee/Deep-Rules,email,EN,7.0,11.0,8.0,8.0,9.0,9.0,9.0,8.0,11.0,9.0,5.0,6.0,4.0,5.0,8.0,8.0,11.0,7.0,Benjamin-Lee/deep-rules,1.0,0,2.0,1.0,10.0,11.0,9.0,9.0,1.0,1.0,9.0,9.0,7.0,6.0,11.0,9.0,11.0,11.0,11.0,7.0,7.0,1.0,3.0,1.0,1.0,1.0,11.0,7.0,7.0,4.0,6.0,7.0,5.0,7.0,6.0,7.0,6.0,6.0,USA,23.0,M,1.0,3.0,4.0,PhD,PhD student 2024,,4480097951919504142
2022-04-05 03:02:13,2022-04-05 03:12:01,0,100,588,1,2022-04-05 03:12:02,R_bI0KBOcpmqoCSzf,905687023777366934,github.com/gramaziokohler/rapid_clay_formations_fab,email,EN,5.0,8.0,7.0,9.0,7.0,7.0,8.0,9.0,9.0,9.0,8.0,9.0,7.0,9.0,11.0,8.0,7.0,9.0,https://github.com/compas-dev/compas,2.0,0.5,2.0,6.0,4.0,3.0,3.0,8.0,4.0,1.0,7.0,6.0,8.0,8.0,7.0,6.0,9.0,5.0,3.0,7.0,8.0,,7.0,3.0,1.0,1.0,,3.0,5.0,6.0,6.0,5.0,5.0,5.0,2.0,3.0,5.0,5.0,Sweden,30.0,,2.0,3.0,7.0,M. Arch,M. Arch 2021,Much less time to contribute to open source in current role. ,905687023777366934
2022-04-05 03:10:12,2022-04-05 03:14:00,0,100,228,1,2022-04-05 03:14:01,R_1mqNyuicYrW2Ie4,-6547792385984213914,joomla/joomla-cms,email,EN,3.0,11.0,6.0,6.0,6.0,6.0,8.0,6.0,8.0,6.0,2.0,11.0,11.0,6.0,6.0,11.0,11.0,11.0,joomla/joomla-cms,1.0,too many,2.0,10.0,11.0,11.0,11.0,11.0,7.0,11.0,8.0,8.0,11.0,11.0,11.0,11.0,7.0,11.0,6.0,11.0,11.0,11.0,9.0,6.0,8.0,11.0,11.0,11.0,6.0,6.0,4.0,4.0,4.0,5.0,4.0,4.0,4.0,5.0,uk,54.0,m,2.0,20.0,10.0,,,,-6547792385984213914
2022-04-05 03:16:59,2022-04-05 03:28:23,0,100,684,1,2022-04-05 03:28:24,R_3m8IwTXlEMNHi21,443507007822583146,https://github.com/pardeike/Harmony,email,EN,6.0,9.0,10.0,11.0,11.0,9.0,11.0,9.0,11.0,11.0,10.0,8.0,9.0,10.0,11.0,11.0,11.0,9.0,https://github.com/Pardeike/Harmony,1.0,14,2.0,9.0,8.0,11.0,9.0,11.0,3.0,1.0,9.0,9.0,9.0,11.0,11.0,11.0,8.0,11.0,11.0,11.0,6.0,8.0,8.0,9.0,1.0,1.0,8.0,9.0,7.0,7.0,7.0,7.0,6.0,7.0,7.0,6.0,7.0,7.0,Sweden,56.0,Male,1.0,35.0,7.0,,,You did not ask much about support and community communications like having your own discord server to help users of the open source one manages. It is an important aspect of the project and takes a significant amount of time. ,443507007822583146
2022-04-05 03:23:31,2022-04-05 03:32:28,0,100,536,1,2022-04-05 03:32:28,R_6nzoyuGngbP2fgl,932239712569048430,,email,EN,3.0,6.0,6.0,9.0,7.0,7.0,9.0,11.0,9.0,11.0,6.0,6.0,6.0,11.0,9.0,6.0,11.0,3.0,https://github.com/pyVoice/pyVoice,3.0,2,2.0,8.0,9.0,11.0,11.0,6.0,,,6.0,6.0,11.0,11.0,9.0,,,7.0,11.0,6.0,6.0,9.0,,3.0,,,,,7.0,7.0,7.0,7.0,6.0,7.0,7.0,5.0,7.0,7.0,Portugal,18.0,Male,1.0,1.0,4.0,Secondary School,"Computer Science, 2021",Nothing to add.,932239712569048430
2022-04-05 03:33:02,2022-04-05 03:40:55,0,100,472,1,2022-04-05 03:40:56,R_2TABYazpcAafPdt,1707608830730052455,https://github.com/evidencebp/analysis_utils,email,EN,1.0,9.0,10.0,11.0,11.0,11.0,10.0,11.0,9.0,11.0,7.0,4.0,6.0,7.0,9.0,4.0,7.0,8.0,https://github.com/evidencebp/analysis_utils,1.0,1,2.0,3.0,11.0,11.0,11.0,11.0,,,9.0,8.0,8.0,9.0,9.0,,,7.0,11.0,,10.0,6.0,,3.0,,,,,7.0,7.0,,5.0,,5.0,4.0,,7.0,7.0,Israel,48.0,Male,1.0,30.0,4.0,Computer Science,MSc 2002,,1707608830730052455
2022-04-05 03:33:30,2022-04-05 03:43:13,0,100,582,1,2022-04-05 03:43:13,R_2qrwvARvkKVjrsp,9182122527019430134,https://github.com/commonspub/CommonsPub-Server,email,EN,8.0,11.0,9.0,11.0,9.0,6.0,9.0,10.0,9.0,9.0,8.0,2.0,2.0,7.0,11.0,9.0,9.0,10.0,https://github.com/bonfire-networks,1.0,45,1.0,11.0,8.0,11.0,11.0,11.0,9.0,11.0,11.0,11.0,11.0,11.0,11.0,8.0,4.0,7.0,11.0,11.0,9.0,10.0,9.0,6.0,11.0,11.0,11.0,11.0,7.0,7.0,6.0,7.0,5.0,4.0,5.0,2.0,6.0,6.0,France,37.0,Male,1.0,20.0,10.0,,,,3507589120382683780
2022-04-05 04:48:03,2022-04-05 05:00:01,0,100,718,1,2022-04-05 05:00:02,R_24IREFao6fFt1yP,-3012669164582354691,Phaide/Secure-Chat-App,email,EN,4.0,6.0,10.0,8.0,9.0,9.0,5.0,11.0,11.0,11.0,10.0,8.0,7.0,11.0,11.0,10.0,11.0,9.0,https://github.com/sami-dca/sami_dca,3.0,4,2.0,9.0,11.0,11.0,11.0,6.0,,,10.0,9.0,9.0,9.0,11.0,,,6.0,11.0,11.0,6.0,11.0,,4.0,,,,,6.0,4.0,5.0,5.0,7.0,5.0,6.0,3.0,6.0,5.0,France,21.0,Male,1.0,1.0,3.0,Bachelor's Degree,"Bachelor's Degree, 2020",,-3012669164582354691
2022-04-05 05:20:15,2022-04-05 05:28:15,0,100,479,1,2022-04-05 05:28:15,R_2AFp95qi5JTcKFr,4817791872126335646,https://github.com/Aircoookie/WLED,email,EN,3.0,5.0,6.0,7.0,10.0,9.0,8.0,9.0,10.0,11.0,2.0,7.0,2.0,7.0,11.0,7.0,9.0,11.0,https://github.com/Aircoookie/WLED,1.0,15,2.0,9.0,10.0,11.0,11.0,11.0,6.0,3.0,10.0,9.0,11.0,9.0,11.0,8.0,4.0,10.0,11.0,9.0,5.0,11.0,7.0,6.0,2.0,1.0,10.0,11.0,7.0,6.0,5.0,6.0,6.0,6.0,5.0,4.0,7.0,6.0,Germany,23.0,Male,2.0,1.0,6.0,B. Eng.,B. Eng. Intelligent Systems Design - 2022,,4817791872126335646
2022-04-05 05:57:06,2022-04-05 06:05:39,0,100,513,1,2022-04-05 06:05:40,R_1MPVxx3bT62ihLK,3080362866157760709,https://github.com/droundy/internment,email,EN,1.0,6.0,3.0,11.0,11.0,9.0,9.0,11.0,11.0,11.0,11.0,4.0,7.0,6.0,11.0,9.0,10.0,10.0,,1.0,4,2.0,9.0,11.0,11.0,11.0,10.0,,,11.0,10.0,11.0,9.0,10.0,,,9.0,11.0,11.0,9.0,10.0,,7.0,,,,,7.0,5.0,3.0,6.0,,5.0,4.0,3.0,7.0,6.0,USA,48.0,male,2.0,25.0,12.0,physics,PhD 2001,,3080362866157760709
2022-04-05 06:28:15,2022-04-05 06:37:16,0,100,541,1,2022-04-05 06:37:17,R_33g7BecM4tvHgi6,6180656266893437013,https://github.com/coverclock/com-diag-diminuto,email,EN,3.0,9.0,9.0,9.0,11.0,10.0,9.0,9.0,11.0,11.0,11.0,9.0,9.0,11.0,11.0,11.0,9.0,6.0,https://github.com/coverclock/com-diag-diminuto,1.0,15,2.0,11.0,11.0,11.0,11.0,11.0,,,11.0,11.0,11.0,9.0,11.0,,,6.0,11.0,11.0,6.0,9.0,,6.0,,,,,7.0,6.0,6.0,6.0,,3.0,6.0,,6.0,6.0,USA,65.0,Male,1.0,46.0,10.0,M.S. Computer Science,M.S. 1983,,-6093849208484459932
2022-04-05 06:25:07,2022-04-05 06:46:12,0,100,1265,1,2022-04-05 06:46:13,R_ekD15aAGkiPIi6B,-6720441557919410620,Nagano,email,EN,3.0,9.0,6.0,10.0,11.0,10.0,9.0,11.0,11.0,11.0,7.0,4.0,8.0,8.0,9.0,5.0,9.0,9.0,Nagano,1.0,32,1.0,4.0,1.0,11.0,9.0,1.0,1.0,11.0,7.0,9.0,8.0,9.0,7.0,1.0,9.0,9.0,11.0,8.0,1.0,1.0,6.0,6.0,1.0,1.0,11.0,11.0,6.0,3.0,5.0,5.0,3.0,6.0,6.0,5.0,3.0,5.0,Canada,33.0,Male,1.0,12.0,8.0,B.A. Computer science,B.A. Computer science 20011,,-3745580374517200445
2022-04-05 06:51:56,2022-04-05 06:58:58,0,100,422,1,2022-04-05 06:58:59,R_d68xJ6Qt2ew6XD3,5428557815875002333,https://github.com/nuwave/lighthouse,email,EN,4.0,8.0,7.0,8.0,10.0,9.0,9.0,10.0,9.0,10.0,10.0,3.0,8.0,9.0,7.0,9.0,8.0,8.0,nuwave/lighthouse,1.0,4,1.0,7.0,11.0,11.0,11.0,8.0,4.0,5.0,9.0,8.0,8.0,7.0,10.0,8.0,5.0,10.0,11.0,8.0,9.0,10.0,6.0,4.0,2.0,2.0,9.0,10.0,7.0,5.0,6.0,5.0,5.0,6.0,5.0,6.0,7.0,6.0,Germany,26.0,Male,1.0,5.0,4.0,Bachelor,,,-4864670102143950878
2022-04-05 07:13:32,2022-04-05 07:18:49,0,100,316,1,2022-04-05 07:18:49,R_20TXSRARUZmnuXT,5546268257732173087,github.com/jymfony/jymfony,email,EN,6.0,9.0,9.0,9.0,9.0,9.0,9.0,11.0,9.0,10.0,9.0,8.0,5.0,3.0,11.0,9.0,9.0,10.0,https://github.com/solid-o,2.0,3,2.0,10.0,11.0,11.0,10.0,9.0,,,9.0,9.0,10.0,10.0,10.0,,,10.0,11.0,9.0,9.0,10.0,,9.0,,,,,5.0,5.0,6.0,6.0,4.0,3.0,2.0,4.0,4.0,3.0,Italy,32.0,Male,1.0,10.0,5.0,None,,,5546268257732173087
2022-04-05 11:22:27,2022-04-05 11:32:30,0,100,602,1,2022-04-05 11:32:30,R_1gGu0yunTR7XBAD,4435227681667000208,Esl95 Magician,email,EN,5.0,11.0,1.0,5.0,7.0,8.0,6.0,8.0,7.0,6.0,4.0,6.0,3.0,8.0,7.0,5.0,10.0,11.0,,1.0,8,2.0,4.0,8.0,11.0,11.0,10.0,1.0,1.0,7.0,7.0,7.0,1.0,7.0,5.0,8.0,1.0,11.0,9.0,6.0,8.0,3.0,1.0,1.0,1.0,3.0,8.0,7.0,2.0,,5.0,6.0,3.0,,,3.0,5.0,USA,25.0,M,2.0,7.0,4.0,,,,-5488446249855546530
2022-04-05 09:33:19,2022-04-05 13:10:57,0,100,13057,1,2022-04-05 13:10:57,R_1Q4RuNmO4K48iJb,8573950974864850476,rubyforgood/diaper,email,EN,6.0,8.0,8.0,8.0,9.0,8.0,9.0,9.0,9.0,9.0,11.0,10.0,9.0,10.0,10.0,10.0,11.0,11.0,"https://github.com/rubyforgood/human-essentials (formerly ""diaper"")",1.0,0,2.0,8.0,3.0,10.0,9.0,9.0,9.0,10.0,8.0,8.0,8.0,11.0,10.0,8.0,7.0,2.0,3.0,11.0,7.0,6.0,6.0,1.0,8.0,3.0,9.0,4.0,5.0,5.0,4.0,5.0,3.0,1.0,3.0,2.0,5.0,4.0,USA,42.0,Male,1.0,18.0,11.0,Undergrad in Chemistry,,"I really loved the project that I worked on, it was rewarding, satisfying, and felt important. I left the project because of burnout, after 4 years of intense effort. When I left the project, I felt completely forgotten and irrelevant almost IMMEDIATELY, and one of my fellow contributors has falsely claimed (or at least, not sought to correct others' opinions) that my contributions were his.

All of this has completely soured my desire to work on that project again, or in the capacity of a project lead.",8573950974864850476
2022-04-06 03:54:55,2022-04-06 04:00:14,0,100,318,1,2022-04-06 04:00:19,R_2YfHeOPXdgZsjrB,95480864966939554,https://github.com/gnome/gnome-boxes,email,EN,7.0,9.0,6.0,5.0,,6.0,3.0,10.0,9.0,9.0,6.0,8.0,8.0,7.0,9.0,11.0,8.0,8.0,gnome-boxes,1.0,16,1.0,8.0,9.0,9.0,10.0,1.0,8.0,7.0,8.0,10.0,8.0,9.0,9.0,9.0,8.0,6.0,11.0,10.0,6.0,9.0,6.0,3.0,7.0,7.0,9.0,9.0,5.0,5.0,4.0,,4.0,5.0,3.0,3.0,3.0,5.0,Czech Republic,29.0,Male,1.0,6.0,8.0,Computer Science,2014,,95480864966939554
2022-04-06 03:46:45,2022-04-06 04:03:00,0,100,975,1,2022-04-06 04:03:01,R_pS2IAEI2ekTDwfn,-3192695741389911510,pingcap/tidb,email,EN,3.0,6.0,9.0,9.0,8.0,9.0,9.0,11.0,11.0,11.0,11.0,9.0,8.0,11.0,11.0,7.0,9.0,9.0,https://github.com/pingcap/tiflow,2.0,20,1.0,6.0,3.0,9.0,8.0,6.0,6.0,9.0,7.0,5.0,5.0,6.0,8.0,6.0,8.0,9.0,10.0,5.0,6.0,8.0,6.0,4.0,1.0,1.0,8.0,9.0,5.0,6.0,5.0,6.0,5.0,5.0,4.0,4.0,5.0,5.0,China,27.0,Male,1.0,2.0,2.0,Master,"Master, 2020",,-3192695741389911510
2022-04-06 04:15:03,2022-04-06 04:27:36,0,100,752,1,2022-04-06 04:27:37,R_1LMqz9sBOQLctUQ,6331869726603762127,https://github.com/jcubic I have more then one repository,email,EN,1.0,6.0,9.0,9.0,11.0,8.0,11.0,11.0,11.0,9.0,9.0,9.0,6.0,6.0,11.0,6.0,6.0,9.0,"""https://github.com/jcubic I have more then one repository",1.0,5,2.0,9.0,11.0,9.0,9.0,9.0,1.0,1.0,9.0,9.0,9.0,9.0,9.0,6.0,9.0,9.0,9.0,6.0,6.0,6.0,6.0,6.0,1.0,1.0,1.0,1.0,6.0,6.0,6.0,6.0,4.0,4.0,6.0,4.0,6.0,6.0,Poland,41.0,male,1.0,11.0,11.0,engineering degree,2014,"I was not able to answer some of the questions (on the satisfied page) because I don't get tasks from other people so I decide what I work on. This is the same for most Open Source projects unless you get paid then the employer can give you tasks.

So I can't answer if I'm satisfied with the task I've been given, because I decided what I work on. ",6331869726603762127
2022-04-06 04:14:34,2022-04-06 04:44:26,0,100,1791,1,2022-04-06 04:44:27,R_1gLLyBzpK1XPOS0,-2495353190678340350,https://github.com/grongor/go-snmp-proxy,email,EN,3.0,3.0,9.0,9.0,11.0,11.0,9.0,9.0,9.0,9.0,11.0,7.0,7.0,7.0,11.0,3.0,9.0,9.0,https://github.com/grongor/go-snmp-proxy,1.0,0,1.0,6.0,9.0,11.0,9.0,9.0,,,6.0,7.0,9.0,6.0,9.0,,,7.0,11.0,7.0,9.0,6.0,,3.0,,,,,7.0,5.0,4.0,5.0,5.0,4.0,6.0,5.0,6.0,4.0,,28.0,Male,1.0,12.0,9.0,,,,-2495353190678340350
2022-04-06 05:01:33,2022-04-06 05:15:32,0,100,839,1,2022-04-06 05:15:33,R_1pEi7Q47jYgTppw,-5166743162421283203,Zettlr/Zettlr,email,EN,3.0,9.0,5.0,10.0,9.0,9.0,7.0,11.0,11.0,11.0,7.0,7.0,9.0,8.0,11.0,9.0,11.0,11.0,https://github.com/Zettlr/Zettlr,1.0,5,2.0,11.0,3.0,11.0,11.0,11.0,1.0,1.0,7.0,9.0,10.0,11.0,8.0,7.0,11.0,11.0,11.0,9.0,11.0,11.0,6.0,11.0,1.0,1.0,9.0,8.0,4.0,3.0,5.0,7.0,6.0,5.0,3.0,4.0,4.0,6.0,Germany,32.0,m,2.0,4.0,6.0,M.A.,M.A. 2017,"I had the feeling that there were too few questions regarding motivation based on a feeling of duty/social context. I certainly enjoy working on the project, but not necessarily because of merits, and rather because I feel obliged to work in it. In other words, I was missing a few questions regarding institutional context/social relations as a motivating factor (think., e.g. Powell/DiMaggio, The New Institutionalism).",-5166743162421283203
2022-04-06 05:37:15,2022-04-06 05:42:10,0,100,295,1,2022-04-06 05:42:11,R_veGhV1uisJuxG2l,8593339398855605966,https://github.com/leobenkel/ZparkIO,email,EN,3.0,9.0,9.0,9.0,9.0,9.0,8.0,11.0,9.0,9.0,7.0,3.0,8.0,7.0,9.0,6.0,8.0,9.0,https://github.com/leobenkel/ZparkIO,1.0,1,2.0,4.0,11.0,11.0,9.0,6.0,,,7.0,6.0,9.0,9.0,9.0,,,7.0,11.0,9.0,6.0,8.0,,5.0,1.0,,,7.0,7.0,5.0,6.0,6.0,6.0,6.0,6.0,6.0,6.0,6.0,Luxembourg,32.0,Man,1.0,10.0,6.0,Master,Master 2012,,8593339398855605966
2022-04-06 05:48:02,2022-04-06 06:00:36,0,100,753,1,2022-04-06 06:00:36,R_32JuT3o3YkJwAuf,227758011303773832,https://github.com/lino-framework/lino,email,EN,6.0,11.0,9.0,9.0,9.0,6.0,9.0,9.0,11.0,9.0,9.0,6.0,9.0,3.0,9.0,6.0,6.0,11.0,https://gitlab.com/lino-framework,1.0,40,1.0,11.0,9.0,11.0,11.0,9.0,3.0,1.0,11.0,11.0,11.0,9.0,11.0,11.0,9.0,11.0,11.0,9.0,6.0,11.0,6.0,6.0,1.0,1.0,11.0,11.0,7.0,7.0,7.0,7.0,7.0,7.0,7.0,5.0,6.0,7.0,Estonia,52.0,Male,1.0,30.0,4.0,PhD,PhD 1992,Note that we moved from GitHub to GitLab last year.,-8702478398729292056
2022-04-06 06:15:32,2022-04-06 06:20:00,0,100,267,1,2022-04-06 06:20:00,R_2v6RlEBqJjaqyxP,4140919850174976597,https://github.com/juce-framework/JUCE,email,EN,5.0,3.0,8.0,8.0,10.0,10.0,8.0,,7.0,8.0,3.0,10.0,6.0,11.0,10.0,7.0,10.0,7.0,https://github.com/SquarePine/squarepine_core,2.0,3,2.0,8.0,11.0,11.0,11.0,10.0,,,11.0,8.0,11.0,8.0,11.0,,,6.0,11.0,11.0,11.0,11.0,,8.0,,,,,7.0,7.0,7.0,7.0,4.0,4.0,7.0,4.0,7.0,7.0,Canada,32.0,Male,1.0,12.0,10.0,Game development,,,4140919850174976597
2022-04-06 07:14:42,2022-04-06 07:22:55,0,100,493,1,2022-04-06 07:22:56,R_wLw6KknmKScyO9b,3925800825739938190,https://github.com/FreemapSlovakia,email,EN,3.0,10.0,10.0,10.0,10.0,10.0,9.0,9.0,10.0,10.0,1.0,8.0,8.0,7.0,9.0,6.0,11.0,11.0,https://github.com/FreemapSlovakia,3.0,8,2.0,9.0,9.0,11.0,11.0,11.0,,,11.0,10.0,11.0,10.0,11.0,,,9.0,11.0,2.0,8.0,7.0,,6.0,,,,,6.0,6.0,6.0,6.0,4.0,6.0,6.0,2.0,4.0,6.0,Slocakia,42.0,Male,1.0,20.0,10.0,master of science,,,3925800825739938190
2022-04-06 07:24:38,2022-04-06 07:39:36,0,100,898,1,2022-04-06 07:39:37,R_1hxOdZGxY0eXXOi,-516419968839610135,,email,EN,1.0,2.0,5.0,9.0,10.0,9.0,8.0,11.0,11.0,11.0,9.0,6.0,1.0,3.0,11.0,9.0,9.0,11.0,"various... ubports, xgb, chess, tomenet, my own (for now) non-public & public projects...",3.0,7,2.0,6.0,6.0,1.0,2.0,11.0,6.0,1.0,6.0,9.0,8.0,6.0,8.0,8.0,9.0,6.0,6.0,9.0,6.0,6.0,6.0,5.0,1.0,1.0,5.0,6.0,7.0,6.0,5.0,3.0,4.0,5.0,2.0,4.0,4.0,6.0,Slovakia,40.0,,2.0,10.0,5.0,Ing.,Ing. 2008?,,-516419968839610135
2022-04-06 09:58:53,2022-04-06 10:03:24,0,100,271,1,2022-04-06 10:03:24,R_byL4EXvEJhNrAmR,458220824025503310,https://github.com/esp8266/Arduino,email,EN,10.0,6.0,5.0,7.0,9.0,9.0,9.0,3.0,10.0,9.0,6.0,7.0,8.0,10.0,11.0,6.0,9.0,9.0,esp8266/Arduino,1.0,2,2.0,6.0,5.0,10.0,7.0,6.0,4.0,1.0,7.0,6.0,7.0,4.0,11.0,8.0,3.0,9.0,11.0,7.0,5.0,8.0,3.0,,3.0,1.0,11.0,9.0,7.0,7.0,,4.0,6.0,6.0,4.0,,7.0,6.0,USA,48.0,M,2.0,20.0,7.0,MSEE,,,9161425458082254202
2022-04-06 11:25:16,2022-04-06 11:31:30,0,100,374,1,2022-04-06 11:31:31,R_8CGOzZQLQ0gnldL,-2767303438530686483,https://github.com/camunda/camunda-modeler,email,EN,3.0,10.0,9.0,6.0,9.0,9.0,8.0,6.0,9.0,10.0,11.0,6.0,6.0,1.0,8.0,9.0,9.0,1.0,https://github.com/camunda/camunda-modeler,3.0,20,1.0,8.0,3.0,11.0,6.0,6.0,2.0,1.0,8.0,8.0,10.0,11.0,11.0,3.0,9.0,9.0,11.0,9.0,6.0,6.0,6.0,6.0,1.0,1.0,6.0,9.0,6.0,6.0,5.0,6.0,7.0,6.0,6.0,5.0,6.0,6.0,Poland,29.0,male,1.0,5.0,4.0,Master of Law,Master of Law 2017,,-2767303438530686483
2022-04-06 14:06:57,2022-04-06 14:16:54,0,100,596,1,2022-04-06 14:16:54,R_11WLho8MV2ldBeG,2436504391611955369,,email,EN,7.0,10.0,10.0,11.0,10.0,9.0,10.0,8.0,10.0,10.0,10.0,6.0,1.0,7.0,8.0,6.0,11.0,6.0,Job doesn‚Äôt allow OSS contributions üòï,3.0,0,,,,,,,,,,,,,,,,,,,,,,,,,,,6.0,6.0,7.0,6.0,5.0,6.0,6.0,6.0,6.0,6.0,USA,28.0,Male,1.0,8.0,4.0,CS,CS 2018,"Happy to participate üôÇ

Since my job prohibits me from contributing to OSS, I had to leave much of those questions blank. That said, I‚Äôd say PR reviews from colleagues, TDD, and reading/reviewing other high quality code are some of the biggest factors in the quality of my code. 

One factor I think could be expanded on in the survey is the relationship between quality, effort, and value. Working for a company has different motivating factors in which projects I choose as opposed to OSS contributions, which isn‚Äôt necessarily as aligned as ‚ÄúI work on what‚Äôs inferesting to me‚Äù. At work, it‚Äôs usually more of a ‚ÄúI work on what‚Äôs valuable‚Äù, though interest is also a factor",7391928107378037332
2022-04-06 15:35:19,2022-04-06 15:54:55,0,100,1175,1,2022-04-06 15:54:55,R_1CCJqLdM0j6Oe6M,-1389265609329451007,https://github.com/coq/coq,email,EN,2.0,9.0,9.0,10.0,10.0,10.0,9.0,9.0,10.0,11.0,9.0,3.0,1.0,9.0,11.0,1.0,9.0,1.0,https://github.com/coq,1.0,15,2.0,9.0,3.0,9.0,10.0,3.0,6.0,2.0,10.0,10.0,9.0,10.0,9.0,9.0,9.0,8.0,2.0,9.0,6.0,6.0,6.0,9.0,6.0,2.0,10.0,9.0,6.0,6.0,6.0,6.0,6.0,5.0,6.0,,6.0,6.0,USA,64.0,Male,1.0,35.0,4.0,"BSE, EECS",,"I'm retired, not currently working for pay.  Maybe a good question to ask.  It doesn't quite fit your current question about years of experience.

I want to make software more reliable and less buggy through formal verification tools.  A significant challenge (I like challenge) and probably will be consequential for the industry as well as those who use software.  I don't think that fits into ""ideology"".  It's also a way to continue to contribute to society in general while making good use of skills from my career--more value, challenge & satisfaction than volunteering at the local food bank, which almost anyone can do.  Retirement shouldn't mean that you stop contributing.",-1389265609329451007
2022-04-07 00:10:30,2022-04-07 00:33:14,0,100,1363,1,2022-04-07 00:33:14,R_3HuCAKBaBOEUmVs,1427208255627272302,https://github.com/pudnax/raytracing-in-one-eternity,email,EN,6.0,9.0,7.0,6.0,7.0,7.0,5.0,8.0,7.0,9.0,8.0,9.0,9.0,10.0,7.0,8.0,11.0,3.0,https://github.com/pudnax/raytracing-in-one-eternity,1.0,3,2.0,7.0,3.0,7.0,9.0,9.0,,,8.0,6.0,8.0,6.0,9.0,,,8.0,11.0,9.0,7.0,8.0,8.0,3.0,6.0,,,,6.0,,5.0,6.0,5.0,5.0,5.0,1.0,2.0,6.0,Kazakstan,22.0,Male,2.0,2.0,3.0,Bachelor,Physics,,1427208255627272302
2022-04-07 02:11:10,2022-04-07 02:16:59,0,100,349,1,2022-04-07 02:17:00,R_T6lvKdDQDDQzYPL,-5781626445259975038,Discord bot for a community (private),email,EN,3.0,11.0,6.0,9.0,8.0,9.0,9.0,10.0,11.0,11.0,9.0,6.0,7.0,11.0,10.0,11.0,11.0,11.0,,2.0,0,2.0,,,,,,,,,,,,,,,,,,,,,,,,,,5.0,2.0,7.0,1.0,3.0,7.0,3.0,1.0,4.0,2.0,United States,24.0,Male,1.0,4.0,3.0,,,,9161425458082254202
2022-04-07 02:09:48,2022-04-07 02:17:25,0,100,457,1,2022-04-07 02:17:26,R_3DhCiprnGeRtESh,3671105332950625100,https://github.com/kde/kate,email,EN,5.0,9.0,8.0,9.0,6.0,6.0,7.0,10.0,10.0,11.0,8.0,9.0,9.0,3.0,10.0,9.0,11.0,9.0,https:github.com/kde/kate,1.0,15,2.0,8.0,5.0,8.0,11.0,11.0,1.0,1.0,9.0,9.0,11.0,11.0,9.0,8.0,11.0,5.0,9.0,9.0,6.0,9.0,6.0,9.0,1.0,1.0,7.0,9.0,3.0,5.0,6.0,6.0,6.0,5.0,6.0,3.0,6.0,6.0,Pakistan,29.0,M,1.0,5.0,3.0,Software engineer ,2015,,9161425458082254202
2022-04-07 02:12:09,2022-04-07 02:20:45,0,100,516,1,2022-04-07 02:20:46,R_WuDGxxd6JTATk9r,-6125233005016412006,https://github.com/KDE/kmplot,email,EN,3.0,3.0,6.0,6.0,3.0,6.0,6.0,9.0,11.0,11.0,6.0,9.0,6.0,11.0,11.0,11.0,7.0,11.0,https://github.com/KDE/kmplot,3.0,1,2.0,9.0,11.0,6.0,11.0,9.0,6.0,1.0,11.0,9.0,11.0,6.0,9.0,9.0,11.0,6.0,6.0,11.0,9.0,6.0,9.0,6.0,1.0,1.0,6.0,6.0,7.0,6.0,4.0,6.0,4.0,4.0,4.0,1.0,4.0,6.0,Ukraine,44.0,Male,2.0,30.0,6.0,Ph.D.,"Ph.D., 2004",,-6125233005016412006
2022-04-07 02:18:33,2022-04-07 02:27:19,0,100,525,1,2022-04-07 02:27:19,R_2xDjDgMTbaae3nH,5036669844531020755,https://github.com/coq/coq,email,EN,3.0,7.0,6.0,6.0,9.0,9.0,9.0,9.0,9.0,9.0,2.0,6.0,3.0,6.0,9.0,3.0,3.0,10.0,https://github.com/coq/coq,1.0,10,1.0,9.0,10.0,11.0,10.0,3.0,8.0,3.0,9.0,11.0,9.0,10.0,9.0,10.0,9.0,11.0,11.0,8.0,6.0,7.0,6.0,3.0,1.0,1.0,11.0,11.0,6.0,6.0,6.0,6.0,6.0,6.0,5.0,5.0,6.0,6.0,France,31.0,Male,2.0,2.0,10.0,Phd,Phd 2019,,5036669844531020755
2022-04-07 02:39:33,2022-04-07 02:49:02,0,100,569,1,2022-04-07 02:49:03,R_SDaYRyDOS0eXqY9,-5436352294763044525,,email,EN,6.0,11.0,11.0,10.0,7.0,7.0,11.0,11.0,10.0,9.0,8.0,9.0,10.0,10.0,6.0,7.0,8.0,11.0,,1.0,17,1.0,8.0,8.0,8.0,9.0,9.0,7.0,6.0,9.0,9.0,6.0,6.0,11.0,9.0,10.0,8.0,9.0,8.0,9.0,8.0,11.0,5.0,8.0,11.0,7.0,9.0,6.0,7.0,5.0,5.0,4.0,6.0,5.0,5.0,5.0,7.0,USA,21.0,Male,2.0,5.0,2.0,University degree,2019,No,8893155121849462604
2022-04-07 03:17:02,2022-04-07 03:28:08,0,100,666,1,2022-04-07 03:28:09,R_2UbmSgqlUcbwv5j,1927573215584919548,,email,EN,3.0,10.0,9.0,5.0,10.0,8.0,9.0,11.0,9.0,11.0,7.0,11.0,8.0,8.0,9.0,1.0,9.0,11.0,,2.0,40,1.0,9.0,10.0,8.0,9.0,1.0,3.0,3.0,10.0,5.0,9.0,10.0,7.0,1.0,5.0,7.0,6.0,9.0,2.0,10.0,6.0,6.0,1.0,1.0,11.0,10.0,6.0,5.0,7.0,5.0,7.0,4.0,5.0,5.0,7.0,6.0,Latvia,23.0,Male,1.0,4.0,1.0,Technical computer science ,"Technical computer science, 2020 ",,-7845671437577897193
2022-04-07 03:27:11,2022-04-07 03:35:29,0,100,497,1,2022-04-07 03:35:30,R_2383clN7MZ0KbA0,2626684141453110048,https://github.com/quiltdata/quilt,email,EN,3.0,7.0,7.0,9.0,11.0,9.0,9.0,10.0,9.0,11.0,7.0,6.0,9.0,6.0,9.0,7.0,8.0,8.0,https://github.com/quiltdata/quilt,1.0,30,1.0,6.0,7.0,9.0,11.0,6.0,6.0,1.0,9.0,9.0,9.0,9.0,9.0,3.0,6.0,7.0,11.0,6.0,6.0,7.0,6.0,8.0,1.0,1.0,7.0,6.0,6.0,5.0,6.0,5.0,6.0,5.0,6.0,6.0,6.0,6.0,Russia,32.0,Male,1.0,13.0,10.0,,,,2626684141453110048
2022-04-07 03:54:25,2022-04-07 04:00:33,0,100,368,1,2022-04-07 04:00:34,R_3m1psZXkbqyOrwo,1513952903939983508,https://github.com/tentone/nunuStudio,email,EN,6.0,10.0,6.0,9.0,9.0,8.0,6.0,8.0,10.0,10.0,8.0,5.0,9.0,6.0,9.0,6.0,9.0,8.0,https://github.com/tentone/geo-three,2.0,8,2.0,8.0,9.0,10.0,9.0,6.0,7.0,4.0,6.0,9.0,8.0,6.0,8.0,6.0,8.0,8.0,10.0,9.0,7.0,9.0,7.0,5.0,6.0,6.0,8.0,8.0,5.0,6.0,6.0,5.0,4.0,5.0,3.0,6.0,3.0,6.0,Portugal,29.0,Male,1.0,5.0,8.0,Master,Computer Engineering 2011,,1513952903939983508
2022-04-07 04:11:36,2022-04-07 04:15:48,0,100,252,1,2022-04-07 04:15:49,R_3esHp8Ytr53QhHA,-1761308170825835663,https://github.com/RoggerFabri/mopidy-icesnap,email,EN,9.0,11.0,8.0,9.0,9.0,9.0,9.0,9.0,9.0,11.0,11.0,8.0,1.0,9.0,11.0,9.0,11.0,9.0,https://github.com/RoggerFabri/mopidy-icesnap,1.0,1,2.0,11.0,11.0,11.0,11.0,6.0,,,11.0,11.0,11.0,11.0,11.0,,,11.0,11.0,11.0,9.0,11.0,,11.0,,,,,7.0,7.0,7.0,7.0,7.0,7.0,7.0,7.0,7.0,7.0,Ireland,33.0,Male,1.0,12.0,7.0,Masters Computer Science,Computer Science - 2010,,-1761308170825835663
2022-04-06 08:27:22,2022-04-07 04:24:06,0,100,71803,1,2022-04-07 04:24:06,R_2feOSgKEed29wra,8539667385961690401,https://github.com/ivosh/node-nist,email,EN,2.0,9.0,9.0,7.0,9.0,10.0,9.0,10.0,10.0,11.0,11.0,5.0,3.0,9.0,11.0,8.0,6.0,10.0,node-nist,2.0,2,2.0,4.0,11.0,10.0,7.0,6.0,,,9.0,9.0,10.0,4.0,9.0,,,7.0,11.0,10.0,,6.0,,2.0,,,,,5.0,6.0,6.0,5.0,6.0,3.0,2.0,6.0,4.0,5.0,CZ,45.0,M,1.0,21.0,9.0,Ing.,2001,,8539667385961690401
2022-04-07 04:27:50,2022-04-07 04:35:42,0,100,472,1,2022-04-07 04:35:42,R_2ZDgE5av0lwUCl2,-3754736938710582635,https://github.com/tensorflow/docs,email,EN,5.0,10.0,4.0,8.0,9.0,8.0,9.0,7.0,9.0,10.0,9.0,2.0,8.0,9.0,8.0,8.0,6.0,9.0,https://github.com/scalapb/sparksql-scalapb,2.0,1,1.0,3.0,3.0,3.0,7.0,3.0,1.0,1.0,3.0,8.0,7.0,4.0,7.0,9.0,7.0,4.0,3.0,9.0,5.0,6.0,4.0,4.0,1.0,1.0,3.0,5.0,6.0,5.0,6.0,6.0,6.0,5.0,6.0,7.0,6.0,6.0,France,30.0,Male,1.0,7.0,12.0,PhD,PhD 2017,,-3754736938710582635
2022-04-07 05:15:13,2022-04-07 05:22:50,0,100,456,1,2022-04-07 05:22:50,R_1CpyffjScPDDpXg,1812854236532621753,,email,EN,4.0,9.0,6.0,8.0,9.0,9.0,9.0,7.0,9.0,9.0,10.0,9.0,6.0,6.0,9.0,6.0,9.0,6.0,,,,2.0,,,,,,,,,,,,,,,,,,,,,,,3.0,,,6.0,5.0,6.0,5.0,6.0,6.0,4.0,5.0,6.0,6.0,France,34.0,M,1.0,12.0,0.0,Bac +3,2009,,1812854236532621753
2022-04-07 05:27:57,2022-04-07 05:33:24,0,100,327,1,2022-04-07 05:33:32,R_sZus6UscNIobiKJ,-9188912348798184413,py-libhdate/py-libhdate.git,email,EN,4.0,6.0,6.0,9.0,10.0,11.0,9.0,11.0,9.0,10.0,10.0,9.0,8.0,7.0,8.0,11.0,8.0,8.0,py-libhdate/py-libhdate,1.0,0.1,2.0,3.0,11.0,10.0,8.0,8.0,,,7.0,10.0,8.0,8.0,8.0,,,9.0,11.0,9.0,6.0,2.0,,6.0,,,,,6.0,6.0,6.0,6.0,7.0,7.0,4.0,6.0,7.0,6.0,Israel,40.0,Male,1.0,11.0,7.0,BSc,"BSc, 2011",,-9188912348798184413
2022-04-07 05:55:32,2022-04-07 06:35:54,0,100,2421,1,2022-04-07 06:35:54,R_2S8s5Z98YiSIcXH,-3963472952742874625,https://github.com/umple/umple,email,EN,1.0,1.0,9.0,11.0,11.0,9.0,9.0,6.0,11.0,11.0,9.0,9.0,9.0,11.0,9.0,3.0,6.0,9.0,https://github.com/umple/umple,1.0,5,2.0,9.0,9.0,11.0,11.0,11.0,3.0,3.0,11.0,11.0,11.0,11.0,11.0,9.0,9.0,11.0,11.0,11.0,9.0,9.0,6.0,6.0,1.0,1.0,11.0,11.0,6.0,6.0,6.0,6.0,6.0,3.0,4.0,7.0,7.0,6.0,Canada,58.0,M,2.0,35.0,8.0,PhD,PhD 1994,"Motivation: Project leader of an industrial-quality academic-based project, with over a million users in the last few years, and over 60 contributors,.

Methods to increase code quality: Agile model-driven development (generation of code from Umple models), reflexive language (Umple is written in itself, helping guarantee it works), multi-level test-driven development, and continuous integration.",-3963472952742874625
2022-04-07 06:37:43,2022-04-07 06:43:52,0,100,369,1,2022-04-07 06:43:53,R_1CdRQYyec5R083B,4315607188099220023,https://github.com/oppia/oppia,email,EN,3.0,6.0,4.0,5.0,9.0,9.0,5.0,8.0,7.0,8.0,10.0,1.0,8.0,9.0,8.0,8.0,7.0,9.0,https://github.com/oppia/oppia,1.0,30,1.0,6.0,5.0,9.0,9.0,7.0,2.0,2.0,7.0,7.0,8.0,8.0,9.0,6.0,8.0,9.0,10.0,10.0,7.0,9.0,9.0,6.0,1.0,1.0,10.0,8.0,6.0,6.0,6.0,4.0,5.0,6.0,4.0,6.0,6.0,6.0,Czechia,25.0,male,1.0,5.0,6.0,"yes, bachelor in social informatics",,,-8799181921780489230
2022-04-07 07:45:41,2022-04-07 07:53:03,0,100,442,1,2022-04-07 07:53:04,R_2fxmT7jrktE27zQ,8649143349046753927,https://github.com/stevao-andrade/ACL_defect_prediction,email,EN,4.0,11.0,3.0,5.0,5.0,3.0,4.0,4.0,8.0,8.0,8.0,9.0,2.0,6.0,9.0,6.0,6.0,9.0,https://github.com/stevao-andrade/ACL_defect_prediction,1.0,2,2.0,4.0,11.0,8.0,7.0,9.0,,,8.0,9.0,8.0,9.0,8.0,,6.0,7.0,10.0,11.0,6.0,6.0,,3.0,,,,,5.0,4.0,3.0,6.0,5.0,2.0,4.0,2.0,4.0,5.0,Brasil,34.0,Male,1.0,10.0,7.0,Master's in Computer Science,PhD Student / 2022,,9161425458082254202
2022-04-07 07:39:00,2022-04-07 08:25:39,0,100,2799,1,2022-04-07 08:25:40,R_2B4cgZh1moDtTSe,-7712270905625029434,https://github.com/liquibase/liquibase,email,EN,6.0,7.0,11.0,11.0,10.0,11.0,11.0,9.0,9.0,11.0,9.0,10.0,8.0,8.0,8.0,9.0,9.0,9.0,https://github.com/liquibase/liquibase,1.0,0,2.0,3.0,11.0,3.0,3.0,3.0,1.0,1.0,6.0,9.0,6.0,9.0,9.0,3.0,11.0,9.0,1.0,9.0,9.0,6.0,3.0,3.0,1.0,1.0,6.0,6.0,6.0,5.0,6.0,6.0,6.0,6.0,6.0,6.0,6.0,6.0,USA,54.0,Male,1.0,30.0,8.0,BA,"Computer Science, 1991",Most of my work on Liquibase was while I was employed for that purpose. I am no longer with that company and my contributions have ceased. I am not currently participating in any other open source projects. ,-7712270905625029434
2022-04-07 10:00:21,2022-04-07 10:06:54,0,100,392,1,2022-04-07 10:06:54,R_2V8FeoTJx0eQmfo,4854563432360505147,https://github.com/KaliedaRik/Scrawl-canvas,email,EN,1.0,6.0,6.0,7.0,9.0,8.0,9.0,6.0,8.0,11.0,8.0,9.0,6.0,4.0,7.0,8.0,8.0,6.0,https://github.com/KaliedaRik/Scrawl-canvas,1.0,5,2.0,8.0,11.0,11.0,11.0,9.0,,,11.0,8.0,11.0,11.0,11.0,,,3.0,11.0,6.0,6.0,9.0,,6.0,,,,,7.0,7.0,4.0,7.0,,1.0,4.0,3.0,7.0,6.0,UK,57.0,Male,1.0,8.0,9.0,BSc (open),2011,,9161425458082254202
2022-04-07 11:06:27,2022-04-07 11:16:31,0,100,604,1,2022-04-07 11:16:32,R_3lukhzB55uajbpi,1420389470082500464,https://github.com/Debian/devscripts,email,EN,3.0,11.0,3.0,6.0,5.0,9.0,10.0,9.0,5.0,6.0,6.0,11.0,3.0,8.0,9.0,8.0,11.0,10.0,Debian,3.0,30,1.0,8.0,9.0,7.0,8.0,11.0,11.0,9.0,9.0,6.0,9.0,11.0,10.0,9.0,8.0,9.0,8.0,11.0,6.0,6.0,6.0,6.0,1.0,1.0,9.0,8.0,7.0,6.0,,6.0,6.0,7.0,7.0,7.0,7.0,6.0,Italy,27.0,Male,1.0,6.0,10.0,Computer Engneering (dropped half-way),,,1420389470082500464
2022-04-07 12:01:35,2022-04-07 12:11:09,0,100,573,1,2022-04-07 12:11:09,R_3nIsnxIgTxDUH8T,-5843253880847112104,,email,EN,3.0,11.0,7.0,8.0,9.0,9.0,7.0,8.0,9.0,9.0,4.0,9.0,9.0,7.0,8.0,8.0,9.0,10.0,,3.0,6,1.0,5.0,5.0,9.0,9.0,3.0,2.0,1.0,10.0,10.0,8.0,8.0,11.0,10.0,8.0,9.0,10.0,10.0,6.0,6.0,7.0,5.0,1.0,1.0,9.0,10.0,5.0,4.0,6.0,6.0,6.0,6.0,5.0,6.0,4.0,6.0,United States,24.0,Male,1.0,4.0,6.0,Computer science,"Computer science, 2023",,-5843253880847112104
2022-04-07 12:10:22,2022-04-07 12:23:15,0,100,772,1,2022-04-07 12:23:15,R_xurttLVj7C0oG0p,-549653633158770699,https://github.com/vazco/uniforms,email,EN,3.0,5.0,9.0,11.0,11.0,11.0,10.0,10.0,10.0,10.0,8.0,9.0,7.0,2.0,10.0,7.0,11.0,5.0,https://github.com/vazco/uniforms,1.0,3,1.0,8.0,9.0,11.0,9.0,6.0,7.0,1.0,7.0,10.0,9.0,9.0,9.0,7.0,10.0,11.0,11.0,8.0,9.0,7.0,7.0,5.0,2.0,1.0,9.0,8.0,6.0,6.0,6.0,5.0,7.0,6.0,6.0,6.0,5.0,6.0,Poland,26.0,Male,1.0,7.0,7.0,"MSc, working on PhD",2021,"Good luck on your PhD! I‚Äôd love to hear back about the results of this work!

I‚Äôd say that static code analysis helps. And the more the better, as long as it doesn‚Äôt slow you down.",-549653633158770699
2022-04-07 12:19:36,2022-04-07 12:26:55,0,100,439,1,2022-04-07 12:26:56,R_3koleiQPNww6TeO,-6268365354683736007,lervag/vimtex,email,EN,2.0,9.0,9.0,8.0,9.0,10.0,10.0,10.0,10.0,11.0,9.0,7.0,3.0,8.0,11.0,7.0,8.0,9.0,https://github.com/lervag/vimtex,1.0,3,2.0,8.0,11.0,11.0,11.0,6.0,,,7.0,7.0,9.0,8.0,9.0,,,9.0,11.0,11.0,7.0,6.0,,4.0,,,,,7.0,,5.0,6.0,6.0,,7.0,6.0,,6.0,Norway,38.0,Male,1.0,11.0,11.0,PhD Computational fluid dynamics,Phd; 2013,,-6268365354683736007
2022-04-07 14:04:27,2022-04-07 14:14:02,0,100,574,1,2022-04-07 14:14:03,R_Ry6GdgRjqsV9Icx,-4659159571177189892,https://github.com/Yord/pxi,email,EN,4.0,8.0,10.0,9.0,8.0,9.0,8.0,9.0,11.0,10.0,9.0,10.0,8.0,8.0,10.0,11.0,11.0,5.0,https://github.com/Yord/pxi,1.0,4,2.0,7.0,7.0,11.0,7.0,7.0,,,8.0,9.0,10.0,5.0,8.0,,,8.0,11.0,10.0,8.0,6.0,,4.0,,,,,7.0,6.0,5.0,7.0,5.0,6.0,6.0,6.0,7.0,7.0,Germany,35.0,male,1.0,10.0,2.0,M.Sc. Computer Science,,,9161425458082254202
2022-04-07 17:52:21,2022-04-07 17:58:19,0,100,357,1,2022-04-07 17:58:20,R_2TTqaterwfPUQ6O,330724873125185745,https://github.com/TheDan64/inkwell,email,EN,2.0,8.0,9.0,9.0,9.0,10.0,11.0,9.0,11.0,11.0,10.0,8.0,8.0,10.0,9.0,8.0,11.0,7.0,https://github.com/TheDan64/inkwell,1.0,2,2.0,7.0,11.0,11.0,11.0,8.0,1.0,1.0,8.0,9.0,9.0,9.0,9.0,8.0,9.0,9.0,11.0,9.0,6.0,7.0,7.0,6.0,1.0,1.0,9.0,9.0,6.0,6.0,7.0,6.0,7.0,7.0,7.0,6.0,7.0,7.0,USA,28.0,Male,1.0,7.0,9.0,CS,CS 2015,,-6849191896582356845
2022-04-07 20:14:37,2022-04-07 20:22:10,0,100,452,1,2022-04-07 20:22:10,R_2BlfgjJ55PsY0cI,5711943186380239617,https://github.com/GoogleCloudPlatform/esp-v2,email,EN,3.0,10.0,9.0,10.0,11.0,11.0,11.0,9.0,11.0,10.0,11.0,9.0,8.0,5.0,11.0,9.0,11.0,10.0,https://github.com/GoogleCloudPlatform/esp-v2,1.0,1,1.0,8.0,9.0,11.0,8.0,4.0,2.0,1.0,11.0,9.0,11.0,8.0,9.0,7.0,11.0,3.0,11.0,11.0,8.0,9.0,4.0,3.0,1.0,1.0,9.0,9.0,7.0,6.0,6.0,7.0,7.0,6.0,7.0,7.0,7.0,7.0,USA,24.0,Male,1.0,3.0,4.0,Bachelor in computer science,2019,Working on this project gave me skills for other higher-value non-OSS projects at work,5711943186380239617
2022-04-08 00:45:45,2022-04-08 00:52:40,0,100,415,1,2022-04-08 00:52:40,R_cC3rApae4GfG6gF,-7728905784620475136,https://github.com/apache/flink,email,EN,3.0,9.0,8.0,9.0,8.0,8.0,7.0,6.0,10.0,8.0,9.0,9.0,9.0,9.0,9.0,8.0,8.0,8.0,https://github.com/apache/flink,1.0,40,1.0,7.0,7.0,9.0,9.0,6.0,6.0,3.0,9.0,9.0,10.0,9.0,10.0,9.0,8.0,9.0,11.0,9.0,6.0,9.0,6.0,6.0,1.0,1.0,9.0,9.0,6.0,5.0,6.0,6.0,6.0,6.0,6.0,6.0,6.0,6.0,Germany,34.0,male,1.0,8.0,8.0,Masters,"Masters, 2014",,-7728905784620475136
2022-04-08 00:55:23,2022-04-08 01:07:03,0,100,700,1,2022-04-08 01:07:04,R_ymEckvWJWbYpnHz,-2531640555846999490,https://github.com/SapuSeven/BetterUntis,email,EN,2.0,10.0,4.0,7.0,11.0,11.0,10.0,11.0,11.0,10.0,3.0,9.0,4.0,9.0,4.0,11.0,9.0,11.0,https://github.com/SapuSeven/BetterUntis,1.0,2,2.0,3.0,11.0,11.0,11.0,1.0,1.0,2.0,10.0,11.0,11.0,9.0,11.0,11.0,3.0,11.0,11.0,7.0,8.0,9.0,2.0,1.0,1.0,1.0,4.0,8.0,7.0,6.0,7.0,7.0,5.0,7.0,7.0,,,6.0,Austria,20.0,Male,1.0,1.0,5.0,Graduation from Secondary Technical College,"Electronics and Technical Informatics, 2020",I'd be interested in the results of your research.,-2531640555846999490
2022-04-08 01:54:07,2022-04-08 02:03:09,0,100,542,1,2022-04-08 02:03:10,R_p9LB5oFhmFBkpax,-6274988478835691807,galaxyproject,email,EN,4.0,10.0,9.0,10.0,10.0,7.0,6.0,9.0,10.0,10.0,2.0,6.0,8.0,5.0,9.0,6.0,9.0,11.0,rnaseq pipeline,2.0,50,1.0,6.0,11.0,11.0,11.0,8.0,6.0,6.0,9.0,9.0,10.0,11.0,11.0,9.0,7.0,10.0,11.0,11.0,10.0,10.0,6.0,9.0,6.0,1.0,8.0,8.0,7.0,7.0,4.0,7.0,6.0,7.0,4.0,3.0,5.0,6.0,Germany,33.0,Male,2.0,8.0,7.0,PhD,2015,"Being a big fish in  small pond, is better than a small fish in a big pond.

(e.g. startups or small research groups vs FAANG)",-6274988478835691807
2022-04-05 05:05:13,2022-04-05 05:08:58,0,33,225,0,2022-04-08 05:09:07,R_tE3Zo2csBT4EbbX,3145364866257812419,,email,EN,2.0,6.0,6.0,8.0,9.0,9.0,9.0,10.0,10.0,9.0,10.0,9.0,5.0,6.0,10.0,9.0,10.0,9.0,,3.0,0,2.0,,,,,,,,,,,,,,,,,,,,,,,,,,,,,,,,,,,,,,,,,,,,,9161425458082254202
2022-04-06 21:26:54,2022-04-08 05:19:08,0,100,114733,1,2022-04-08 05:19:08,R_3O8IJJf7L6tL4iN,7642751744475941967,https://github.com/4treesCH/strolch,email,EN,3.0,6.0,6.0,9.0,9.0,9.0,6.0,9.0,9.0,9.0,9.0,9.0,9.0,11.0,11.0,9.0,9.0,11.0,https://github.com/strolch-li/strolch,1.0,10,1.0,6.0,11.0,11.0,11.0,11.0,,,9.0,9.0,11.0,9.0,11.0,,,6.0,11.0,11.0,6.0,9.0,,6.0,,,,,7.0,6.0,6.0,6.0,6.0,6.0,6.0,4.0,6.0,6.0,Switzerland ,39.0,male,1.0,15.0,10.0,bachelor ,2009,,-644139671495532280
2022-04-08 05:50:20,2022-04-08 05:59:44,0,100,564,1,2022-04-08 05:59:44,R_3PXO3zpeirpH9dC,4514646123161006034,https://github.com/IEEESBITBA/Curso-de-Python-Sistemas,email,EN,10.0,11.0,9.0,10.0,9.0,9.0,11.0,8.0,11.0,6.0,7.0,9.0,8.0,11.0,10.0,5.0,11.0,10.0,github.com/tinygo/tinygo,2.0,2,2.0,10.0,11.0,6.0,1.0,10.0,1.0,1.0,3.0,11.0,10.0,11.0,11.0,11.0,11.0,9.0,6.0,11.0,10.0,6.0,10.0,3.0,1.0,1.0,11.0,11.0,7.0,7.0,4.0,7.0,7.0,6.0,4.0,3.0,7.0,7.0,,27.0,male,1.0,2.0,3.0,Mechanical Engineering BSc,,,9161425458082254202
2022-04-08 06:10:41,2022-04-08 06:20:16,0,100,574,1,2022-04-08 06:20:16,R_qwsvBLacu8l2mXv,-6427791873483447018,https://github.com/qt-creator/qt-creator,email,EN,7.0,9.0,10.0,11.0,11.0,11.0,11.0,11.0,11.0,11.0,8.0,11.0,4.0,11.0,11.0,9.0,9.0,11.0,https://github.com/qt-creator/qt-creator,1.0,4,2.0,9.0,10.0,9.0,9.0,11.0,1.0,1.0,9.0,8.0,10.0,10.0,9.0,7.0,10.0,10.0,7.0,8.0,11.0,9.0,3.0,3.0,1.0,1.0,9.0,9.0,7.0,7.0,6.0,6.0,7.0,6.0,6.0,7.0,7.0,6.0,,40.0,Male,1.0,17.0,11.0,B.Sc,"Software Engineer, 2004",,-6427791873483447018
2022-04-05 14:39:36,2022-04-05 14:42:42,0,33,185,0,2022-04-08 14:42:49,R_3m8E8QriYtmWlDC,7381907839108902319,,email,EN,6.0,11.0,8.0,8.0,7.0,7.0,4.0,9.0,8.0,9.0,3.0,10.0,9.0,6.0,9.0,9.0,9.0,1.0,,3.0,,2.0,,,,,,,,,,,,,,,,,,,,,,,,,,,,,,,,,,,,,,,,,,,,,9161425458082254202
2022-04-08 14:56:57,2022-04-08 15:01:14,0,100,256,1,2022-04-08 15:01:14,R_10MCmOs9LSr8PpD,-5982613494213508058,github.com/higlass/higlass,email,EN,8.0,9.0,8.0,8.0,7.0,6.0,6.0,6.0,6.0,8.0,8.0,4.0,6.0,6.0,8.0,4.0,5.0,6.0,https://github.com/higlass/higlass,1.0,1,2.0,3.0,10.0,10.0,8.0,9.0,3.0,1.0,9.0,10.0,9.0,8.0,10.0,8.0,8.0,8.0,11.0,8.0,6.0,6.0,3.0,3.0,1.0,1.0,6.0,7.0,6.0,6.0,6.0,6.0,6.0,6.0,6.0,6.0,6.0,6.0,USA,37.0,M,1.0,10.0,9.0,BSc,"PhD, 2016",,-5982613494213508058
2022-04-08 16:32:55,2022-04-08 16:38:04,0,100,308,1,2022-04-08 16:38:04,R_23er8g4P4esjqVC,633054907441768889,https://github.com/acgetchell/CDT-plusplus,email,EN,3.0,9.0,6.0,9.0,9.0,9.0,9.0,9.0,,11.0,11.0,11.0,6.0,9.0,11.0,9.0,11.0,9.0,https://github.com/acgetchell/CDT-plusplus,1.0,20,2.0,9.0,11.0,11.0,11.0,11.0,,,9.0,11.0,9.0,11.0,9.0,,,6.0,11.0,9.0,8.0,9.0,,9.0,,,,,7.0,6.0,7.0,6.0,,,3.0,4.0,7.0,6.0,United States,50.0,Male,2.0,25.0,11.0,Doctoral candidate,,,633054907441768889
2022-04-05 09:43:47,2022-04-05 22:25:33,0,28,45706,0,2022-04-08 22:25:34,R_1OqJJ0OY815Mu3r,-1193598539815535523,garyttierney,email,EN,1.0,11.0,9.0,11.0,11.0,10.0,9.0,9.0,11.0,11.0,7.0,9.0,1.0,11.0,11.0,6.0,9.0,11.0,,,,,,,,,,,,,,,,,,,,,,,,,,,,,,,,,,,,,,,,,,,,,,,,,9161425458082254202
2022-04-06 04:32:29,2022-04-06 04:34:26,0,28,117,0,2022-04-09 04:34:35,R_3090Hly2YcEnEAz,-6792831681041445016,https://github.com/indiebubbler/metro,email,EN,9.0,9.0,7.0,9.0,9.0,6.0,6.0,8.0,9.0,8.0,3.0,3.0,3.0,6.0,9.0,5.0,8.0,3.0,,,,,,,,,,,,,,,,,,,,,,,,,,,,,,,,,,,,,,,,,,,,,,,,,9161425458082254202
2022-04-06 04:47:19,2022-04-06 04:50:31,0,33,191,0,2022-04-09 04:50:33,R_3EnjkKxq4hVZsqJ,-7150870238906719854,officeextrator,email,EN,3.0,8.0,6.0,6.0,7.0,10.0,8.0,9.0,11.0,10.0,10.0,9.0,10.0,11.0,10.0,8.0,9.0,9.0,-,3.0,-,2.0,,,,,,,,,,,,,,,,,,,,,,,,,,,,,,,,,,,,,,,,,,,,,9161425458082254202
2022-04-06 05:13:38,2022-04-06 05:16:05,0,33,147,0,2022-04-09 05:16:07,R_211eaqYmdI795w7,-2254497125212179105,https://github.com/TheRealSyler/vscode-sass-indented,email,EN,6.0,11.0,3.0,4.0,7.0,6.0,8.0,6.0,7.0,11.0,6.0,5.0,6.0,4.0,6.0,6.0,6.0,3.0,https://github.com/TheRealSyler/vscode-sass-indented,1.0,1,2.0,,,,,,,,,,,,,,,,,,,,,,,,,,,,,,,,,,,,,,,,,,,,,9161425458082254202
2022-04-06 08:36:14,2022-04-06 08:36:35,0,1,21,0,2022-04-09 08:36:38,R_3CHtLHzBKSQFYDp,3837793370580578022,github.com/inex/IXP-Manager,email,EN,,,,,,,,,,,,,,,,,,,,,,,,,,,,,,,,,,,,,,,,,,,,,,,,,,,,,,,,,,,,,,,,,,,9161425458082254202
2022-04-09 17:22:57,2022-04-09 17:28:54,0,100,356,1,2022-04-09 17:28:54,R_56LaHX8PCsKvUWJ,113196258230401889,https://github.com/Citadel-Station-13/Citadel-Station-13,email,EN,5.0,9.0,9.0,9.0,9.0,7.0,7.0,7.0,11.0,10.0,8.0,6.0,8.0,8.0,11.0,7.0,9.0,8.0,https://github.com/Putnam3145/auxmos,2.0,1,2.0,2.0,10.0,11.0,11.0,9.0,4.0,3.0,11.0,11.0,11.0,8.0,8.0,9.0,1.0,8.0,11.0,10.0,2.0,7.0,7.0,3.0,7.0,7.0,4.0,11.0,7.0,6.0,5.0,6.0,3.0,3.0,3.0,1.0,5.0,5.0,United States,27.0,F,2.0,0.0,8.0,None,None,,9161425458082254202
2022-04-07 02:16:16,2022-04-07 02:17:43,0,70,86,0,2022-04-10 02:17:48,R_3mdx8LbQqxmz6QS,-8618525039657788104,https://github.com/OpenGenus/cosmos,email,EN,8.0,8.0,8.0,8.0,8.0,8.0,8.0,8.0,8.0,8.0,8.0,8.0,8.0,8.0,8.0,8.0,8.0,8.0,,,,,8.0,8.0,8.0,8.0,8.0,8.0,,8.0,8.0,8.0,8.0,8.0,8.0,8.0,8.0,8.0,8.0,8.0,8.0,8.0,8.0,8.0,8.0,8.0,,,,,,,,,,,,,,,,,,,,,9161425458082254202
2022-04-10 06:12:34,2022-04-10 06:28:00,0,100,926,1,2022-04-10 06:28:01,R_3F2tYh0Dzt6EeTa,7375043402586903332,github.com/GluuFederation/casa/,email,EN,7.0,10.0,5.0,8.0,9.0,9.0,6.0,11.0,3.0,11.0,6.0,9.0,4.0,9.0,11.0,3.0,2.0,2.0,https://github.com/GluuFederation/casa,1.0,6,1.0,4.0,9.0,11.0,11.0,4.0,3.0,1.0,9.0,9.0,6.0,9.0,9.0,6.0,8.0,9.0,11.0,6.0,8.0,9.0,6.0,3.0,3.0,1.0,6.0,6.0,5.0,6.0,6.0,5.0,4.0,6.0,6.0,6.0,6.0,6.0,Colombia,39.0,Male,1.0,16.0,5.0,Masters in computer engineering,,"About extra motivations, economical reasons (money for a living) was not regarded in the survey. ",7375043402586903332
2022-04-07 08:17:48,2022-04-07 08:19:48,0,33,120,0,2022-04-10 08:19:57,R_1lh11Gh05SAU5BW,-476010881952607181,precog/quasar,email,EN,6.0,3.0,11.0,11.0,11.0,11.0,11.0,11.0,11.0,11.0,9.0,3.0,1.0,6.0,11.0,3.0,11.0,1.0,,,,,,,,,,,,,,,,,,,,,,,,,,,,,,,,,,,,,,,,,,,,,,,,,9161425458082254202
2022-04-10 09:52:58,2022-04-10 10:06:07,0,100,789,1,2022-04-10 10:06:07,R_21B6cfWpG4pNCEW,-6423642924088328045,https://github.com/edx/edx-platform/,email,EN,9.0,3.0,8.0,8.0,10.0,10.0,4.0,10.0,6.0,11.0,9.0,11.0,3.0,3.0,11.0,5.0,7.0,2.0,https://github.com/edx/edx-platform/,1.0,1,2.0,3.0,1.0,4.0,2.0,6.0,2.0,1.0,7.0,11.0,4.0,11.0,9.0,10.0,11.0,10.0,1.0,10.0,10.0,5.0,11.0,1.0,1.0,1.0,7.0,9.0,2.0,5.0,5.0,2.0,6.0,2.0,1.0,6.0,6.0,2.0,Spain,37.0,Male,1.0,12.0,4.0,Bachelor in IT,Bachelor in technical computing systems. 2007,"As mentioned last year:
I'm confused by the ‚ÄûI contribute to open source due to ideology‚Äú question:
I don't care about the open source ‚Äûideology‚Äú but I contribute to *free software* due to ideology. For me it's very different, only the 2nd one is about ethics.
",-6423642924088328045
2022-04-10 17:17:39,2022-04-10 17:27:00,0,100,560,1,2022-04-10 17:27:00,R_ZEMIH8JoAWxn0L7,-2053711829411448394,http://github.com/uber/ludwig,email,EN,6.0,9.0,8.0,9.0,9.0,9.0,8.0,9.0,10.0,9.0,9.0,7.0,3.0,8.0,11.0,5.0,7.0,8.0,http://github.com/uber/ludwig,1.0,5,1.0,8.0,11.0,11.0,10.0,9.0,1.0,4.0,8.0,8.0,9.0,10.0,11.0,8.0,4.0,9.0,11.0,7.0,7.0,11.0,6.0,7.0,1.0,1.0,9.0,8.0,6.0,3.0,3.0,3.0,6.0,3.0,1.0,2.0,5.0,3.0,USA,35.0,Male,1.0,10.0,4.0,Computer Science PhD,Computer Science PhD 2016,,9161425458082254202
2022-04-06 10:57:18,2022-04-10 21:17:17,0,100,382799,1,2022-04-10 21:17:18,R_20ZOwKxyC8Zunjz,6158778282273606000,https://github.com/flutter/flutter,email,EN,3.0,11.0,6.0,6.0,7.0,9.0,8.0,9.0,9.0,6.0,9.0,5.0,1.0,7.0,6.0,1.0,6.0,9.0,https://github.com/flutter/flutter,1.0,40,1.0,8.0,9.0,9.0,11.0,7.0,2.0,1.0,9.0,9.0,9.0,8.0,9.0,8.0,8.0,9.0,9.0,9.0,6.0,6.0,6.0,6.0,3.0,1.0,8.0,8.0,5.0,5.0,5.0,5.0,5.0,5.0,5.0,5.0,5.0,5.0,USA,42.0,Apogender (AMAB),1.0,22.0,15.0,BSc,"Physics, 2001",,6158778282273606000
2022-04-10 23:34:23,2022-04-10 23:41:21,0,100,418,1,2022-04-10 23:41:21,R_3pshGF0HMfRvtyE,7407765139267361129,https://github.com/AzuraCast/AzuraCast,email,EN,2.0,9.0,3.0,3.0,9.0,9.0,9.0,10.0,9.0,8.0,6.0,4.0,9.0,7.0,8.0,11.0,11.0,9.0,https://github.com/AzuraCast/AzuraCast,1.0,15,2.0,8.0,11.0,11.0,11.0,9.0,3.0,1.0,11.0,9.0,9.0,11.0,11.0,9.0,10.0,11.0,11.0,11.0,10.0,11.0,3.0,3.0,3.0,1.0,9.0,9.0,7.0,5.0,6.0,7.0,7.0,5.0,5.0,4.0,4.0,6.0,United States of America,34.0,Male,1.0,22.0,8.0,Some College,"Computer Science, 2006","I love answering surveys like this because I so rarely get asked these kinds of questions about what motivates me to contribute to open-source and how I feel as a lead contributor. One thing I would mention for surveys like this is that you should separate out the idea of ""developer community"" (other technically proficient peers who work on, and contribute to, the project) and ""user community"" (non-technical or end-user consumers of your work), especially since my project is one that is heavily used by a very large non-technical audience. My answers reflect the much smaller developer community, while if I had the chance to answer the same questions about the broader user community, I would have brought up the verbal abuse, impatience, demands, and impoliteness of many of our end-users. Our inner circle of contributing developers, of course, has no such issues.",7407765139267361129
2022-04-11 06:53:20,2022-04-11 06:58:25,0,100,304,1,2022-04-11 06:58:26,R_29nN48CrJSOUJP7,-2879501622403219852,https://github.com/FAForever/faf-java-api,email,EN,4.0,9.0,8.0,7.0,11.0,10.0,9.0,10.0,9.0,11.0,11.0,7.0,7.0,9.0,9.0,9.0,6.0,10.0,https://github.com/FAForever/faf-java-api,1.0,3,2.0,10.0,11.0,11.0,9.0,11.0,8.0,1.0,8.0,9.0,9.0,4.0,11.0,3.0,7.0,8.0,11.0,11.0,10.0,3.0,9.0,6.0,3.0,1.0,6.0,6.0,5.0,6.0,6.0,7.0,4.0,4.0,4.0,4.0,6.0,6.0,Germany,35.0,male,1.0,4.0,7.0,BSc. Business Informatics,BSc. Business Informatics 2013,,-2879501622403219852
2022-04-12 09:35:40,2022-04-12 09:41:15,0,100,334,1,2022-04-12 09:41:15,R_1cYxf8XhtsB5ly1,6727043676275992370,,email,EN,2.0,9.0,7.0,8.0,9.0,10.0,8.0,8.0,9.0,9.0,6.0,8.0,6.0,7.0,9.0,6.0,11.0,6.0,,1.0,25,1.0,8.0,9.0,9.0,10.0,3.0,4.0,7.0,7.0,9.0,8.0,8.0,8.0,6.0,7.0,6.0,10.0,7.0,10.0,9.0,8.0,6.0,4.0,4.0,8.0,6.0,5.0,6.0,5.0,4.0,6.0,5.0,3.0,6.0,6.0,5.0,germany,32.0,nale,1.0,9.0,,master of science,master of science 2017,,-2012345006776908665
2022-04-12 14:46:34,2022-04-12 15:25:06,0,100,2312,1,2022-04-12 15:25:07,R_vxlPNn0DULJYwil,6739634693302638448,https://github.com/frappe/frappe,email,EN,3.0,6.0,9.0,6.0,7.0,6.0,9.0,9.0,9.0,9.0,6.0,3.0,6.0,3.0,9.0,8.0,9.0,6.0,https://github.com/frappe/frappe,1.0,15,1.0,9.0,3.0,6.0,9.0,9.0,3.0,3.0,6.0,9.0,9.0,9.0,9.0,9.0,6.0,9.0,6.0,11.0,6.0,9.0,6.0,6.0,3.0,3.0,9.0,11.0,6.0,6.0,6.0,6.0,6.0,6.0,6.0,5.0,6.0,6.0,Germany,27.0,Male,1.0,2.0,3.0,B.Sc. Business Information Systems,2020,,6739634693302638448
2022-04-12 20:19:57,2022-04-12 21:28:35,0,100,4118,1,2022-04-12 21:28:36,R_1FfcZbPXOuEuohn,-8530264401859193044,https://github.com/witten/borgmatic,email,EN,1.0,3.0,5.0,6.0,9.0,9.0,5.0,4.0,9.0,8.0,10.0,9.0,2.0,7.0,8.0,7.0,6.0,9.0,https://github.com/borgmatic-collective/borgmatic,1.0,5,2.0,3.0,9.0,11.0,10.0,10.0,1.0,1.0,6.0,9.0,8.0,9.0,9.0,6.0,5.0,9.0,11.0,9.0,9.0,8.0,3.0,3.0,1.0,1.0,9.0,7.0,,,,,,,,,,,United States,43.0,male,1.0,26.0,4.0,BA Philosophy,"BA Philosophy, 2002","I'll admit that part of my current motivation is a sense of obligation to my users. Whether or not I'm personally interested in working on my project at any given time, I continue to maintain it because folks are relying on it. If I stopped working on it, there isn't any other developer ready/willing to step in.

One method of increasing code quality available in an open source project that's not always available to commercial/proprietary software is simply saying ""no"" when someone requests a feature. It's not a tool I've had to make use of frequently, but I have found that it can increase code quality by avoiding features that might be problematic from a quality perspective.",-8530264401859193044
2022-04-15 02:23:20,2022-04-15 02:28:52,0,100,332,1,2022-04-15 02:28:53,R_1mmHJhV57q9cZAC,5622910704344235325,https://github.com/ojrosten/sequoia,email,EN,1.0,9.0,11.0,11.0,11.0,11.0,11.0,11.0,11.0,11.0,11.0,3.0,6.0,9.0,11.0,11.0,11.0,11.0,https://github.com/ojrosten/sequoia,1.0,7,2.0,11.0,11.0,11.0,11.0,11.0,,,11.0,11.0,11.0,11.0,11.0,,,6.0,11.0,,11.0,11.0,,9.0,,,,,6.0,6.0,6.0,7.0,,,6.0,,,7.0,UK,43.0,Male,2.0,10.0,5.0,PhD,MPhys (Physics 2001),,5622910704344235325
2022-04-12 05:08:20,2022-04-12 05:10:51,0,33,150,0,2022-04-15 05:10:56,R_1gthH8fztQ8khe0,-217703285180721278,https://github.com/Kick-In/hungarian,email,EN,6.0,11.0,7.0,8.0,9.0,5.0,8.0,8.0,9.0,9.0,8.0,7.0,8.0,9.0,10.0,6.0,11.0,9.0,https://github.com/CerebralFart/laravel-crud/,2.0,4,1.0,,,,,,,,,,,,,,,,,,,,,,,,,,,,,,,,,,,,,,,,,,,,,9161425458082254202
2022-04-18 18:41:27,2022-04-18 18:41:47,0,1,19,0,2022-04-21 18:41:52,R_2pSLKCZpj5b05DY,-6526373671348534291,Internal work platform,email,EN,,,,,,,,,,,,,,,,,,,,,,,,,,,,,,,,,,,,,,,,,,,,,,,,,,,,,,,,,,,,,,,,,,,9161425458082254202
2022-04-25 07:21:53,2022-04-25 07:29:27,0,100,454,1,2022-04-25 07:29:28,R_2AROXihpaUsd63O,4670016222637325650,https://github.com/exablaze-oss/exact-capture,email,EN,3.0,6.0,6.0,8.0,9.0,7.0,4.0,9.0,10.0,7.0,1.0,8.0,6.0,6.0,9.0,3.0,5.0,7.0,https://github.com/cisco/exact-capture,1.0,0,2.0,9.0,11.0,11.0,9.0,9.0,1.0,1.0,11.0,6.0,9.0,6.0,9.0,3.0,9.0,3.0,11.0,6.0,6.0,9.0,3.0,1.0,1.0,1.0,9.0,6.0,6.0,6.0,4.0,6.0,6.0,6.0,5.0,7.0,5.0,6.0,Australia,37.0,Male,1.0,15.0,10.0,PhD Computer Science,Mech Eng/ CS - 2010,"I changed jobs early last year. My new employer is less keen on open source, so my contributions have decreased in public code (but increased internally)",4670016222637325650
2022-04-25 13:53:42,2022-04-25 14:03:42,0,100,599,1,2022-04-25 14:03:43,R_2OMYw9ABUfIvz51,4090734170806276831,https://github.com/openstack/nova,email,EN,5.0,6.0,9.0,10.0,9.0,8.0,9.0,8.0,10.0,11.0,11.0,9.0,7.0,7.0,9.0,9.0,8.0,8.0,https://github.com/openstack/nova,1.0,30,1.0,9.0,8.0,11.0,10.0,4.0,6.0,1.0,8.0,9.0,11.0,8.0,9.0,9.0,8.0,9.0,11.0,9.0,6.0,6.0,6.0,6.0,2.0,2.0,11.0,10.0,6.0,5.0,6.0,6.0,6.0,6.0,6.0,6.0,7.0,6.0,Hungary,38.0,Male,1.0,15.0,8.0,Msc,Msc computee science,,4090734170806276831
2022-04-26 02:37:47,2022-04-26 02:44:11,0,100,383,1,2022-04-26 02:44:12,R_20OFELAMviWxjFQ,-8478707983280350371,compiler-explorer,email,EN,5.0,9.0,6.0,5.0,8.0,7.0,8.0,8.0,9.0,8.0,3.0,5.0,6.0,6.0,9.0,9.0,10.0,6.0,compiler-explorer,1.0,10,1.0,7.0,10.0,7.0,8.0,6.0,1.0,1.0,7.0,7.0,10.0,7.0,9.0,9.0,7.0,10.0,11.0,9.0,6.0,7.0,6.0,9.0,1.0,1.0,9.0,9.0,6.0,5.0,,5.0,7.0,6.0,7.0,,6.0,7.0,Spain,24.0,male,2.0,0.0,5.0,Software Engineer,2022,,-8478707983280350371
2022-04-26 02:39:25,2022-04-26 02:47:20,0,100,475,1,2022-04-26 02:47:20,R_Uz2DiJCHHZgdD6V,-2012989750625583989,https://github.com/LMMS/lmms,email,EN,4.0,6.0,9.0,9.0,10.0,9.0,10.0,9.0,9.0,8.0,6.0,9.0,1.0,1.0,11.0,8.0,9.0,9.0,https://github.com/LMMS/lmms,1.0,5,2.0,8.0,11.0,10.0,8.0,10.0,4.0,3.0,8.0,7.0,10.0,9.0,7.0,4.0,9.0,6.0,11.0,9.0,6.0,9.0,6.0,6.0,1.0,1.0,9.0,8.0,6.0,6.0,6.0,6.0,6.0,6.0,6.0,4.0,5.0,6.0,South Korea,22.0,Male,1.0,1.0,5.0,Undergraduate,B.S (Estimated 2023),,-2012989750625583989
2022-04-26 02:38:07,2022-04-26 02:55:41,0,100,1054,1,2022-04-26 02:55:42,R_3fwJNAYYupUxGHw,6035765714126339719,ppy/osu,email,EN,10.0,11.0,8.0,4.0,6.0,7.0,7.0,10.0,10.0,9.0,6.0,8.0,3.0,6.0,9.0,6.0,8.0,3.0,,3.0,5,2.0,2.0,9.0,1.0,2.0,9.0,11.0,7.0,7.0,9.0,6.0,8.0,8.0,7.0,8.0,4.0,1.0,8.0,8.0,6.0,10.0,3.0,4.0,1.0,6.0,3.0,6.0,6.0,6.0,5.0,6.0,4.0,6.0,6.0,6.0,6.0,Estonia ,26.0,Male,2.0,0.0,5.0,High school ,,,7892088542238700360
2022-04-26 03:04:26,2022-04-26 03:09:49,0,100,323,1,2022-04-26 03:09:49,R_Dw1HwFzNeuSZAdj,-6265255789497252550,https://github.com/x1unix/go-playground,email,EN,3.0,11.0,6.0,6.0,9.0,9.0,8.0,9.0,9.0,9.0,9.0,9.0,6.0,4.0,9.0,6.0,9.0,3.0,https://github.com/x1unix/go-playground,3.0,5,2.0,6.0,11.0,11.0,9.0,11.0,,,9.0,9.0,9.0,9.0,9.0,,,9.0,11.0,9.0,6.0,9.0,,9.0,,,,,4.0,3.0,3.0,3.0,5.0,3.0,5.0,3.0,4.0,3.0,France,25.0,Apache Helicopter,1.0,8.0,3.0,,,,-6265255789497252550
2022-04-26 03:03:36,2022-04-26 03:13:50,0,100,614,1,2022-04-26 03:13:51,R_2xL7Wsqivnjy1Dg,1145286162326339249,https://github.com/ColinIanKing/stress-ng,email,EN,3.0,8.0,9.0,10.0,10.0,9.0,9.0,11.0,10.0,11.0,8.0,8.0,7.0,9.0,10.0,9.0,9.0,9.0,https://github.com/ColinIanKing/stress-ng,1.0,8,2.0,11.0,10.0,11.0,10.0,7.0,,,10.0,6.0,10.0,10.0,11.0,,,11.0,11.0,9.0,6.0,9.0,,8.0,,1.0,,,7.0,7.0,7.0,7.0,5.0,6.0,,4.0,6.0,7.0,United Kingdom,52.0,Make,1.0,31.0,7.0,Degree,"Computer Science (BSc, Honours), 1st Class","I am very focused on code quality. I use 5 different C compilers, with -Wall -Wextra build flags for development and very pedantic warning enabled before I release code. I use static analysis tools (clang scan-build, cppcheck) to check my code before release. I build and test my code on 32 and 64 bit, big endian and little endian systems. I use over 90 virtual machines to build and test my code using x86, i386, powerpc, arm64, arm32, sparc64, mips32, mips64, alpha, hppc, s390x, riscv targets to ensure the code works fine on a variety of architectures. I also build and test my code on Linux, BSD, Solaris, Minix, Haiku and POSIX based operating systems.  I also believe documentation should be the best possible to make the tools I write as useful as possible.",1145286162326339249
2022-04-26 03:16:19,2022-04-26 03:26:36,0,100,616,1,2022-04-26 03:26:37,R_2RWm4VVwOy1elvH,7181003317595813840,github.com/apache/ignite,email,EN,2.0,7.0,11.0,11.0,11.0,11.0,10.0,11.0,11.0,11.0,11.0,4.0,11.0,11.0,11.0,9.0,9.0,10.0,https://github.com/apache/ignite,1.0,40,1.0,8.0,8.0,7.0,8.0,6.0,4.0,3.0,10.0,9.0,10.0,9.0,10.0,7.0,10.0,9.0,8.0,10.0,9.0,6.0,7.0,6.0,3.0,2.0,9.0,8.0,6.0,6.0,4.0,6.0,5.0,6.0,6.0,6.0,6.0,5.0,russia,42.0,male,1.0,20.0,5.0,,,,7181003317595813840
2022-04-26 04:28:30,2022-04-26 04:41:14,0,100,763,1,2022-04-26 04:41:14,R_1FF0M0Ww7IdYxQx,-8615422497269954311,https://github.com/overlisted/rdui,email,EN,6.0,8.0,6.0,6.0,9.0,9.0,4.0,11.0,9.0,10.0,5.0,8.0,7.0,9.0,9.0,9.0,11.0,5.0,https://github.com/overlisted/rdui,1.0,1,2.0,5.0,,11.0,9.0,6.0,,,9.0,5.0,7.0,8.0,4.0,,,11.0,11.0,10.0,5.0,9.0,,1.0,,,9.0,8.0,,,,,,,,,,,Netherlands,15.0,,2.0,,4.0,,,,-8615422497269954311
2022-04-26 05:37:53,2022-04-26 05:46:17,0,100,503,1,2022-04-26 05:46:18,R_3HoU6rVcpdMq4Iv,-476010881952607181,precog/quasar,email,EN,6.0,11.0,11.0,11.0,11.0,9.0,11.0,11.0,11.0,11.0,11.0,8.0,1.0,1.0,11.0,6.0,11.0,1.0,github.com/precog/mongo4cats,2.0,0,1.0,9.0,9.0,11.0,6.0,11.0,,,9.0,9.0,9.0,9.0,8.0,1.0,,,11.0,11.0,8.0,11.0,,9.0,,,9.0,,5.0,6.0,6.0,5.0,7.0,7.0,7.0,6.0,5.0,6.0,Russia,33.0,Male,1.0,10.0,7.0,Chemistry,2005,,7819636701256608422
2022-04-26 05:43:14,2022-04-26 05:48:32,0,100,317,1,2022-04-26 05:48:33,R_9ZHSc0FWC5AphN7,5909168100177526423,Forensic file search,email,EN,3.0,10.0,6.0,9.0,10.0,10.0,10.0,8.0,9.0,10.0,10.0,9.0,2.0,10.0,10.0,2.0,6.0,3.0,Forensic File Search,1.0,25,1.0,3.0,8.0,9.0,9.0,1.0,3.0,1.0,6.0,4.0,7.0,3.0,3.0,8.0,10.0,8.0,11.0,9.0,10.0,6.0,6.0,3.0,1.0,1.0,10.0,8.0,6.0,5.0,6.0,6.0,5.0,5.0,7.0,5.0,6.0,3.0,United States,39.0,Male,1.0,17.0,7.0,"BS, Physics","BS Physics, 2004","The huge fraction of my software development takes place at my workplace, not publicly on Github, so I didn't include the link since I thought it would be more confusing than helpful. (I do some personal projects like Advent of Code on Github.)",5909168100177526423
2022-04-26 06:04:12,2022-04-26 06:10:30,0,100,377,1,2022-04-26 06:10:31,R_1Cxx2Tim47tp5Il,-4093184578569609216,https://github.com/HCA-Healthcare/elixir-hl7,email,EN,6.0,11.0,3.0,8.0,9.0,9.0,6.0,10.0,9.0,9.0,9.0,3.0,8.0,5.0,11.0,3.0,9.0,9.0,https://github.com/HCA-Healthcare/elixir-hl7,1.0,1,1.0,3.0,6.0,10.0,9.0,6.0,3.0,3.0,6.0,4.0,6.0,6.0,6.0,6.0,6.0,9.0,11.0,9.0,8.0,6.0,3.0,6.0,3.0,3.0,6.0,6.0,4.0,5.0,5.0,5.0,6.0,5.0,4.0,5.0,5.0,5.0,united states,46.0,male,1.0,21.0,7.0,some college,,,-4093184578569609216
2022-04-26 06:20:38,2022-04-26 06:26:12,0,100,333,1,2022-04-26 06:26:12,R_3DvD1bv3fPjd7eA,-8099921367395533408,https://github.com/lookit/lookit-api,email,EN,7.0,8.0,10.0,9.0,9.0,9.0,9.0,9.0,9.0,10.0,10.0,9.0,9.0,8.0,10.0,8.0,11.0,8.0,https://github.com/kimberscott/mimachore,2.0,0,2.0,6.0,11.0,11.0,11.0,11.0,,,10.0,7.0,8.0,5.0,8.0,,,2.0,11.0,10.0,4.0,6.0,,8.0,,,,,6.0,7.0,6.0,7.0,7.0,7.0,7.0,6.0,6.0,6.0,USA,32.0,female,1.0,4.0,8.0,cognitive science,"PhD, 2018","I left an academic non-software-development position last summer for a software development job in industry. So I'm no longer being paid to contribute to open source repos and due to starting a new job / covid / kids / pregnancy / etc haven't been doing much additional programming in my free time! Apologies if that makes my data misleading, I figured it was better to answer as best I could.",-8099921367395533408
2022-04-26 06:15:40,2022-04-26 06:55:14,0,100,2374,1,2022-04-26 06:55:15,R_cJg9l34fHQ2SmZP,2839113958175685791,https://github.com/yairEO/tagify,email,EN,2.0,11.0,5.0,9.0,10.0,9.0,10.0,10.0,8.0,10.0,4.0,10.0,5.0,10.0,5.0,1.0,6.0,10.0,https://github.com/yairEO/tagify,1.0,2,2.0,6.0,11.0,11.0,6.0,1.0,,,7.0,8.0,9.0,10.0,11.0,,,1.0,11.0,1.0,10.0,6.0,,1.0,,,,,6.0,4.0,4.0,4.0,5.0,3.0,6.0,6.0,6.0,1.0,israel,38.0,male,1.0,17.0,15.0,,,"◊ê◊†◊ô ◊ß◊§◊ì◊ü, ◊û◊õ◊ï◊†◊î, ◊û◊°◊™◊õ◊ú ◊¢◊ú ◊õ◊ú ◊§◊°◊ô◊ß ◊ï◊®◊ï◊ï◊ó ◊ï◊ó◊ï◊©◊ë ◊û◊ê◊î ◊§◊¢◊û◊ô◊ù ◊¢◊ú ◊õ◊ú ◊©◊ù ◊©◊ú ◊û◊©◊™◊†◊î ◊ï◊ë◊ê◊ô◊ñ◊ï ◊©◊ï◊®◊î ◊î◊ï◊ê ◊¶◊®◊ô◊ö ◊ú◊î◊ô◊ï◊™ ◊õ◊™◊ï◊ë. 

◊°◊ô◊û◊†◊™◊ô ◊ë◊©◊ê◊ú◊î ◊î◊ê◊ó◊®◊ï◊†◊î ◊©◊ê◊†◊ô ◊û◊ê◊ï◊ì ◊ú◊ê ◊û◊®◊ï◊¶◊î ◊û◊î◊¢◊ë◊ï◊ì◊î ◊©◊ú◊ô ◊õ◊ô ◊ê◊û◊†◊ù ◊ê◊†◊ô ◊û◊ê◊ï◊ì ◊û◊ê◊ï◊ì ◊ò◊ï◊ë ◊ë◊î ◊ï◊ô◊© ◊ú◊ô ◊õ◊©◊®◊ï◊ü ◊ê◊ë◊ú ◊ê◊†◊ô ◊®◊ï◊ê◊î ◊ë◊ñ◊î ◊õ◊ë◊ñ◊ë◊ï◊ñ ◊ó◊ô◊ô◊ù. ◊ê◊§◊ô◊ú◊ï ◊ê◊ù ◊ê◊†◊ô ◊ô◊õ◊ï◊ú ◊ú◊î◊¢◊ë◊ô◊® 9 ◊©◊¢◊ï◊™ ◊ë◊™◊õ◊†◊ï◊™ ◊õ◊ê◊ô◊ú◊ï 5 ◊ì◊ß◊ï◊™ ◊¢◊ë◊®◊ï ◊ï◊î◊õ◊ú ◊†◊ó◊û◊ì, ◊¢◊ì◊ô◊ô◊ü, ◊ê◊ù ◊î◊ô◊ô◊™◊ô ◊¢◊©◊ô◊®, ◊ú◊ê ◊î◊ô◊ô◊™◊ô ◊û◊™◊õ◊†◊™ ◊ì◊ß◊î ◊ê◊ó◊™ ◊ô◊ï◊™◊® ◊õ◊ô ◊ô◊© ◊î◊®◊ë◊î ◊ì◊ë◊®◊ô◊ù ◊ô◊ï◊™◊® ◊û◊¢◊†◊ô◊ô◊†◊ô◊ù ◊ú◊¢◊©◊ï◊™

◊ó◊ë◊®◊ô◊ù ◊©◊ú◊ô ◊ë◊û◊ó◊©◊ë◊î ◊ì◊ï◊û◊î",-7001502647498307212
2022-04-26 07:16:21,2022-04-26 07:20:34,0,100,252,1,2022-04-26 07:20:35,R_2sc0pJSnzam29hB,-4548064289083502116,Home Assistant,email,EN,3.0,9.0,9.0,6.0,3.0,9.0,6.0,11.0,9.0,11.0,3.0,11.0,9.0,11.0,11.0,6.0,9.0,6.0,Home Assistant,1.0,0,2.0,6.0,1.0,1.0,1.0,11.0,6.0,1.0,9.0,9.0,11.0,11.0,9.0,3.0,9.0,1.0,1.0,9.0,11.0,11.0,11.0,1.0,1.0,1.0,9.0,1.0,6.0,6.0,4.0,6.0,4.0,4.0,4.0,4.0,4.0,6.0,Canada,37.0,Male ,2.0,20.0,3.0,Law (JD),2015,,9161425458082254202
2022-04-26 07:35:04,2022-04-26 07:41:08,0,100,363,1,2022-04-26 07:41:08,R_1cYYZbr0fi2Y7wj,-6221944341754790293,https://github.com/ash-project/ash,email,EN,3.0,11.0,8.0,9.0,9.0,9.0,8.0,6.0,7.0,9.0,6.0,3.0,8.0,10.0,10.0,8.0,8.0,9.0,https://github.com/ash-project/ash,1.0,30,2.0,9.0,11.0,11.0,11.0,9.0,1.0,1.0,9.0,11.0,6.0,9.0,9.0,3.0,6.0,6.0,11.0,9.0,6.0,8.0,1.0,6.0,5.0,1.0,9.0,8.0,5.0,4.0,7.0,6.0,4.0,3.0,4.0,2.0,7.0,5.0,USA,30.0,Male,1.0,7.0,7.0,,,,9161425458082254202
2022-04-26 08:36:53,2022-04-26 08:42:20,0,100,327,1,2022-04-26 08:42:21,R_2xWw0Zi2GVWSP1I,6564428930617212350,github.com/gem5/gem5,email,EN,5.0,6.0,4.0,9.0,9.0,7.0,11.0,5.0,7.0,9.0,5.0,9.0,1.0,6.0,11.0,2.0,3.0,9.0,https://github.com/gem5/gem5,1.0,10,1.0,9.0,11.0,11.0,11.0,11.0,7.0,9.0,8.0,10.0,9.0,11.0,10.0,7.0,3.0,11.0,11.0,9.0,6.0,11.0,1.0,8.0,11.0,11.0,9.0,9.0,6.0,6.0,4.0,7.0,2.0,5.0,1.0,5.0,7.0,3.0,US,34.0,Male,2.0,5.0,12.0,PhD,CS PhD 2017,,9161425458082254202
2022-04-26 08:45:48,2022-04-26 08:52:55,0,100,426,1,2022-04-26 08:52:55,R_2veUHTgB2l91b3H,3706470183529328657,bitbucket.org/_metalogic_/forward-auth,email,EN,1.0,4.0,8.0,9.0,11.0,10.0,11.0,11.0,11.0,11.0,6.0,7.0,1.0,6.0,11.0,6.0,9.0,9.0,https://bitbucket.org/_metalogic_/forward-auth,1.0,2,1.0,9.0,11.0,11.0,11.0,3.0,,,9.0,9.0,11.0,9.0,11.0,,,6.0,11.0,9.0,9.0,9.0,,9.0,,,,,7.0,7.0,6.0,6.0,6.0,6.0,6.0,2.0,7.0,6.0,Canada,67.0,male,1.0,32.0,,"B.A.Sc., M.S.",M.S. 1980,,3706470183529328657
2022-04-26 11:32:11,2022-04-26 11:39:08,0,100,416,1,2022-04-26 11:39:09,R_22lYB2CnqJxbXnp,2435602312461674710,https://github.com/RadioAstronomySoftwareGroup/pyuvdata,email,EN,6.0,7.0,8.0,8.0,7.0,8.0,7.0,8.0,9.0,10.0,11.0,8.0,4.0,6.0,11.0,8.0,9.0,8.0,https://github.com/RadioAstronomySoftwareGroup/pyuvdata,1.0,12,1.0,9.0,5.0,11.0,11.0,8.0,5.0,1.0,9.0,9.0,11.0,11.0,11.0,11.0,9.0,11.0,11.0,11.0,9.0,9.0,9.0,6.0,1.0,1.0,11.0,11.0,6.0,7.0,6.0,7.0,7.0,6.0,6.0,5.0,7.0,7.0,United States of America,39.0,Female,2.0,13.0,15.0,Physics,"PhD, 2009","I'm motivated to contribute to my open source code to advance the science quality and reproducibility of my students, collaborators, and the field as a whole.",9161425458082254202
2022-04-26 16:27:36,2022-04-26 16:31:40,0,100,244,1,2022-04-26 16:31:41,R_qI8I5dV1NyKDoZP,-1525593318823510872,,email,EN,7.0,11.0,10.0,9.0,9.0,9.0,9.0,11.0,9.0,10.0,7.0,9.0,11.0,11.0,6.0,11.0,11.0,11.0,https://gitlab.com/MitchellAugustin/spiral-native,3.0,1,2.0,5.0,11.0,11.0,11.0,11.0,1.0,,11.0,7.0,11.0,7.0,9.0,,,9.0,11.0,11.0,9.0,11.0,,3.0,,,,,5.0,7.0,6.0,6.0,6.0,6.0,5.0,7.0,6.0,6.0,United States of America,21.0,Male,1.0,2.0,5.0,"Bachelors (In Progress), Masters (In Progress)","B.S. (2022), M.S. (2023)",,-1525593318823510872
2022-04-27 07:43:19,2022-04-27 08:03:39,0,100,1220,1,2022-04-27 08:03:40,R_BFWNX0gH6iBzq8N,5838488856915283600,http://github.com/FriendsOfPHP/PHP-CS-Fixer/,email,EN,8.0,6.0,7.0,9.0,9.0,11.0,9.0,11.0,9.0,11.0,11.0,11.0,6.0,11.0,9.0,9.0,6.0,10.0,https://github.com/FriendsOfPHP/PHP-CS-Fixer,1.0,3,1.0,6.0,10.0,8.0,11.0,6.0,3.0,1.0,9.0,11.0,6.0,6.0,8.0,3.0,9.0,8.0,9.0,7.0,9.0,7.0,6.0,5.0,5.0,1.0,8.0,9.0,6.0,4.0,4.0,4.0,6.0,3.0,5.0,,6.0,5.0,PL,33.0,male,1.0,12.0,7.0,M.Eng.,2015,,9071018631055161397
2022-04-27 08:10:06,2022-04-27 08:15:24,0,100,317,1,2022-04-27 08:15:24,R_BV3vxNyI5guDjyh,-1997769067988913264,https://github.com/angstsmurf/spatterlight,email,EN,11.0,8.0,10.0,9.0,6.0,6.0,9.0,9.0,10.0,9.0,8.0,3.0,1.0,11.0,9.0,9.0,11.0,9.0,https://github.com/angstsmurf/spatterlight,1.0,40,2.0,9.0,11.0,11.0,11.0,6.0,,,9.0,9.0,11.0,9.0,9.0,,,7.0,11.0,11.0,3.0,6.0,,6.0,,,,,7.0,7.0,7.0,7.0,5.0,5.0,7.0,4.0,7.0,6.0,Sweden,48.0,Male,2.0,28.0,6.0,None,None,,-1997769067988913264
2022-04-27 08:14:49,2022-04-27 09:04:58,0,100,3008,1,2022-04-27 09:04:59,R_3kKWLuG59nqosQx,6105979586744303595,https://github.com/masschallenge/impact-api,email,EN,3.0,6.0,9.0,9.0,11.0,11.0,9.0,9.0,9.0,11.0,11.0,9.0,9.0,9.0,9.0,9.0,6.0,9.0,https://git.sr.ht/~paulbissex/django-blocklist,2.0,1,2.0,9.0,11.0,,9.0,11.0,,,8.0,6.0,9.0,9.0,9.0,,,7.0,11.0,6.0,9.0,11.0,,9.0,,,,,4.0,4.0,4.0,4.0,4.0,4.0,4.0,7.0,4.0,5.0,,53.0,Male,1.0,20.0,10.0,BA,"BA, 1991","I strongly urge you to expand your scope beyond GitHub. While it is the most dominant project hosting service currently, there is a lot goiing on at other project hosting sites (and under other version control systems besides Git, e.g. Mercurial and Subversion).

E.g.:
https://git.sr.ht/
https://hg.sr.ht/
https://heptapod.host/
http://savannah.gnu.org/
https://launchpad.net/
https://sourceforge.net/p/",6105979586744303595
2022-04-27 11:22:36,2022-04-27 11:29:15,0,100,399,1,2022-04-27 11:29:16,R_3Gwfrx5lFa5kvON,8146493407752914511,https://github.com/inklabs/rangedb,email,EN,6.0,9.0,11.0,11.0,11.0,11.0,11.0,9.0,9.0,11.0,11.0,10.0,9.0,11.0,9.0,9.0,8.0,8.0,,1.0,2,2.0,9.0,11.0,11.0,9.0,9.0,1.0,7.0,9.0,7.0,9.0,9.0,11.0,8.0,9.0,11.0,11.0,10.0,11.0,7.0,6.0,6.0,1.0,1.0,10.0,10.0,5.0,5.0,6.0,3.0,1.0,2.0,6.0,5.0,5.0,1.0,USA,40.0,Male,1.0,18.0,12.0,B.S. Computer Science,B.S. 2004,,8146493407752914511
2022-04-24 14:07:15,2022-04-24 14:07:23,0,1,7,0,2022-04-27 14:07:32,R_1oFSIdRd4cUV8jZ,5887869801946987809,,email,EN,,,,,,,,,,,,,,,,,,,,,,,,,,,,,,,,,,,,,,,,,,,,,,,,,,,,,,,,,,,,,,,,,,,9161425458082254202
2022-04-26 02:32:08,2022-04-26 03:01:36,0,28,1768,0,2022-04-29 03:01:37,R_3PEOkhnZYrtIP1K,-757020723649859071,https://github.com/markstory/lint-review,email,EN,3.0,3.0,7.0,6.0,9.0,9.0,9.0,11.0,9.0,9.0,11.0,4.0,6.0,11.0,9.0,4.0,11.0,3.0,,,,,,,,,,,,,,,,,,,,,,,,,,,,,,,,,,,,,,,,,,,,,,,,,9161425458082254202
2022-04-26 03:10:43,2022-04-26 03:13:11,0,28,147,0,2022-04-29 03:13:13,R_3etskBnouTcCO49,-7757557326417635132,,email,EN,4.0,11.0,3.0,5.0,8.0,8.0,3.0,11.0,9.0,9.0,1.0,9.0,6.0,9.0,11.0,8.0,8.0,6.0,,,,,,,,,,,,,,,,,,,,,,,,,,,,,,,,,,,,,,,,,,,,,,,,,9161425458082254202
2022-04-26 04:30:21,2022-04-26 04:30:35,0,1,14,0,2022-04-29 04:30:39,R_3PAM0TmcCB0ShIf,8753734449076105701,https://github.com/yeger00/pylspclient,email,EN,,,,,,,,,,,,,,,,,,,,,,,,,,,,,,,,,,,,,,,,,,,,,,,,,,,,,,,,,,,,,,,,,,,9161425458082254202
2022-04-26 04:40:18,2022-04-26 04:40:29,0,1,11,0,2022-04-29 04:40:38,R_1C6XagZpqMzYMMw,442091744980944133,https://github.com/DefinitelyTyped/dt-mergebot,email,EN,,,,,,,,,,,,,,,,,,,,,,,,,,,,,,,,,,,,,,,,,,,,,,,,,,,,,,,,,,,,,,,,,,,9161425458082254202
2022-04-26 05:07:16,2022-04-26 05:08:04,0,1,47,0,2022-04-29 05:08:12,R_3ekTGR6pE4xaKjO,-7321882794572438750,https://github.com/ealva-com/welite,email,EN,,,,,,,,,,,,,,,,,,,,,,,,,,,,,,,,,,,,,,,,,,,,,,,,,,,,,,,,,,,,,,,,,,,9161425458082254202
2022-04-29 09:13:29,2022-04-29 09:19:57,0,100,387,1,2022-04-29 09:19:57,R_BE2c3o31stpulQl,-7543986803117313864,https://github.com/martingraham/d3table,email,EN,6.0,5.0,9.0,9.0,10.0,9.0,9.0,9.0,9.0,9.0,9.0,6.0,7.0,9.0,10.0,7.0,9.0,7.0,https://github.com/martingraham/d3table,1.0,0.5,2.0,8.0,11.0,11.0,10.0,11.0,,,9.0,8.0,10.0,6.0,10.0,,9.0,8.0,11.0,8.0,7.0,6.0,,5.0,,,,,5.0,4.0,6.0,5.0,6.0,5.0,5.0,7.0,4.0,5.0,United Kingdom,48.0,Male,1.0,20.0,9.0,Computer Science PhD,Computer Science BSc 1996,,-7543986803117313864
2022-04-26 13:27:36,2022-04-26 13:28:58,0,1,81,0,2022-04-29 13:28:59,R_1Ho7RX78ZUpvFP2,-177726470066680975,https://github.com/cyber-dojo/web,email,EN,,,,,,,,,,,,,,,,,,,,,,,,,,,,,,,,,,,,,,,,,,,,,,,,,,,,,,,,,,,,,,,,,,,9161425458082254202
2022-04-27 20:40:49,2022-04-27 20:40:56,0,1,7,0,2022-04-30 20:41:09,R_2cAyeoq9Dkb8ijO,-594429835817622777,,email,EN,,,,,,,,,,,,,,,,,,,,,,,,,,,,,,,,,,,,,,,,,,,,,,,,,,,,,,,,,,,,,,,,,,,9161425458082254202
2022-05-02 08:32:26,2022-05-02 08:38:39,0,100,372,1,2022-05-02 08:38:40,R_1cYrpjbe1dgNEf2,-3297277400584464368,https://github.com/davinkevin/Podcast-Server,email,EN,6.0,9.0,9.0,11.0,9.0,9.0,9.0,9.0,11.0,11.0,11.0,11.0,9.0,11.0,11.0,9.0,11.0,11.0,https://github.com/davinkevin/podcast-server,1.0,5,2.0,11.0,11.0,11.0,11.0,11.0,,,11.0,9.0,11.0,9.0,11.0,,,11.0,11.0,11.0,6.0,11.0,,6.0,,,,,6.0,6.0,6.0,4.0,7.0,6.0,6.0,6.0,5.0,6.0,France,35.0,Male,1.0,11.0,9.0,Master of Security Science,,,9161425458082254202
2022-05-02 11:50:45,2022-05-02 11:57:37,0,100,412,1,2022-05-02 11:57:38,R_32Qjx4jmHwTjypK,5917651380746102636,,email,EN,7.0,10.0,4.0,8.0,9.0,8.0,4.0,11.0,8.0,10.0,5.0,8.0,8.0,9.0,10.0,7.0,3.0,8.0,,3.0,3,2.0,4.0,9.0,8.0,7.0,10.0,,,7.0,6.0,7.0,8.0,7.0,,,6.0,9.0,4.0,8.0,4.0,,4.0,3.0,3.0,,,6.0,5.0,6.0,6.0,6.0,4.0,5.0,4.0,6.0,6.0,France,24.0,Male,1.0,2.0,9.0,Masters in Computer Engineering,Masters in Computer Engineering 2020,,125554486098585681
2022-05-04 11:43:16,2022-05-04 11:49:23,0,100,367,1,2022-05-04 11:49:23,R_sTNp3kxeymas2Jj,6637204834741054548,https://github.com/dracula/vim,email,EN,7.0,10.0,8.0,9.0,9.0,8.0,9.0,9.0,9.0,10.0,4.0,9.0,7.0,10.0,10.0,7.0,10.0,7.0,https://github.com/dracula/vim,1.0,1,2.0,6.0,5.0,7.0,7.0,7.0,3.0,1.0,7.0,6.0,7.0,6.0,7.0,6.0,8.0,6.0,7.0,7.0,6.0,6.0,6.0,6.0,1.0,1.0,5.0,5.0,5.0,5.0,6.0,5.0,6.0,5.0,6.0,6.0,6.0,6.0,USA,23.0,Man,1.0,3.0,6.0,Computer Science,BS/MS 2021,,6637204834741054548
2022-05-05 02:42:52,2022-05-05 02:54:02,0,100,670,1,2022-05-05 02:54:03,R_1cYNh53o07e9u0A,8600013000447226695,https://github.com/althonos/pronto,email,EN,5.0,11.0,9.0,5.0,7.0,9.0,11.0,9.0,11.0,11.0,11.0,11.0,9.0,11.0,7.0,9.0,9.0,11.0,zellerlab/GECCO,3.0,10,1.0,3.0,9.0,9.0,11.0,9.0,,,6.0,9.0,6.0,6.0,9.0,,,9.0,11.0,3.0,11.0,6.0,,3.0,,,,,7.0,6.0,6.0,3.0,7.0,5.0,7.0,7.0,5.0,6.0,Germany,25.0,Male,2.0,0.0,6.0,MSc Bioinformatics,"PhD, 2023",,8600013000447226695
