Subredit,Votes,Comments,Link
SampleSize,7,4,https://www.reddit.com/r/SampleSize/comments/jbsju0/academic_software_development_survey_software/
rails,10,22,https://www.reddit.com/r/rails/comments/k64lpr/rails_developers_please_participate_in_a_survey/
angular,6,6,https://www.reddit.com/r/angular/comments/k9vqhd/angular_developers_please_participate_in_a_survey/
godot,6,3,https://www.reddit.com/r/godot/comments/kbscnt/godot_developers_please_participate_in_a_survey/
numpy,5,3,https://www.reddit.com/r/Numpy/comments/k6o7gt/numpy_developers_please_participate_in_a_survey/
react,2,6,https://www.reddit.com/r/reactjs/comments/k7zi4x/react_developers_please_participate_in_a_survey/
elixir,16,4,https://www.reddit.com/r/elixir/comments/kbnm90/elixir_developers_please_participate_in_a_survey/
gnome,53,4,https://www.reddit.com/r/gnome/comments/kajp5a/gnome_developers_please_participate_in_a_survey/
symfony,1,3,https://www.reddit.com/r/symfony/comments/k79du4/symfony_developers_please_participate_in_a_survey/
emberjs,11,0,https://www.reddit.com/r/emberjs/comments/kbpuqs/emberjs_developers_please_participate_in_a_survey/
threejs,7,4,https://www.reddit.com/r/threejs/comments/k8kkar/threejs_developers_please_participate_in_a_survey/
Jekyll,3,1,https://www.reddit.com/r/Jekyll/comments/kbnoeu/jekyll_developers_please_participate_in_a_survey/
jenkinsci,8,0,https://www.reddit.com/r/jenkinsci/comments/kbuexl/jenkins_developers_please_participate_in_a_survey/
coreboot,0,2,https://www.reddit.com/r/coreboot/comments/kbptop/coreboot_developers_please_participate_in_a_survey/
apachespark,4,2,https://www.reddit.com/r/apachespark/comments/k7ao3w/spark_developers_please_participate_in_a_survey/
electronjs,8,0,https://www.reddit.com/r/electronjs/comments/kbkzn5/electron_developers_please_participate_in_a_survey/
PowerShell,0,1,https://www.reddit.com/r/PowerShell/comments/jd9sz5/academic_software_development_survey_software/
Terraform,0,1,https://www.reddit.com/r/Terraform/comments/k7zeff/terraform_developers_please_participate_in_a/
gatsbyjs,6,0,https://www.reddit.com/r/gatsbyjs/comments/k6nzcb/gatsbyjs_developers_please_participate_in_a_survey/
golang,15,0,https://www.reddit.com/r/golang/comments/j0ovtc/academic_open_source_development_survey_software/
css,0,1,https://www.reddit.com/r/css/comments/jcz5vu/academic_software_development_survey_software/
HTML,0,1,https://www.reddit.com/r/HTML/comments/jcz4rh/academic_software_development_survey_software/
openstack,3,0,https://www.reddit.com/r/openstack/comments/k8j0xu/openstack_developers_please_participate_in_a/
kubernetes,0,1,https://www.reddit.com/r/kubernetes/comments/jbt4nl/academic_software_development_survey_software/
docker,0,1,https://www.reddit.com/r/docker/comments/jbspxk/academic_software_development_survey_software/
moodle,2,0,https://www.reddit.com/r/moodle/comments/kbs9r9/moodle_developers_please_participate_in_a_survey/
typescript,2,0,https://www.reddit.com/r/typescript/comments/k5bm2w/definitelytyped_developers_please_participate_in/
AZURE,1,0,https://www.reddit.com/r/AZURE/comments/k97e2j/azure_developers_please_participate_in_a_survey/
SampleSize,11,0,https://www.reddit.com/r/SampleSize/comments/iybrqr/academic_open_source_development_survey_software/
Jetbrains,0,0,https://www.reddit.com/r/Jetbrains/comments/kbqabn/jetbrains_developers_please_participate_in_a/
nextjs,0,0,https://www.reddit.com/r/nextjs/comments/kbl0sw/nextjs_developers_please_participate_in_a_survey/
grafana,0,0,https://www.reddit.com/r/grafana/comments/k97vo5/grafana_developers_please_participate_in_a_survey/
kubernetes,0,0,https://www.reddit.com/r/kubernetes/comments/k72ri8/kubernetes_developers_please_participate_in_a/
SQL,8,0,https://www.reddit.com/r/SQL/comments/j0q9ng/academic_open_source_development_survey_software/
ansible,4,0,https://www.reddit.com/r/ansible/comments/j0lb58/academic_open_source_development_survey_software/
opensource,3,0,https://www.reddit.com/r/opensource/comments/j1x6ck/academic_open_source_development_survey_software/
Database,2,0,https://www.reddit.com/r/Database/comments/j1vjg6/academic_open_source_development_survey_software/
scala,2,0,https://www.reddit.com/r/scala/comments/j0q1e6/academic_open_source_development_survey_software/
scrum,1,0,https://www.reddit.com/r/scrum/comments/j2laow/academic_open_source_development_survey_software/
mongodb,1,0,https://www.reddit.com/r/mongodb/comments/j1vjwe/academic_open_source_development_survey_software/
node,1,0,https://www.reddit.com/r/node/comments/j0pm93/academic_open_source_development_survey_software/
cprogramming,1,0,https://www.reddit.com/r/cprogramming/comments/j0ov80/academic_open_source_development_survey_software/
docker,1,0,https://www.reddit.com/r/docker/comments/j0lav1/academic_open_source_development_survey_software/
Kotlin,0,0,https://www.reddit.com/r/Kotlin/comments/j0q7vd/academic_open_source_development_survey_software/
javascript,0,0,https://www.reddit.com/r/javascript/comments/j0le9a/academic_open_source_development_survey_software/
MachineLearning,1,0,https://www.reddit.com/r/MachineLearning/comments/1dst9l6/research_new_methodology_using_labeling_functions/
,212,70,
